venue,replicate,backend,run_dir,hours_from_clean_start,rpc_count_since_t0,rpc_processing_s_since_t0,walltime_h,interpretation
phoenix,1,jobarray,/data/rcadmins/tianche5/wms-paper-chain/bench-WORKS26/dryrun-plots/synthetic-monitor-tree/phoenix/rep1/jobarray,-2.3103290134006076e-05,0,0.0,0.3215021197663413,"benchmark-user sdiag row, attributed by UID; valid for every backend including HyperQueue, Flux, and local"
phoenix,1,jobarray,/data/rcadmins/tianche5/wms-paper-chain/bench-WORKS26/dryrun-plots/synthetic-monitor-tree/phoenix/rep1/jobarray,0.0831879531012641,35,2.516786,0.3215021197663413,"benchmark-user sdiag row, attributed by UID; valid for every backend including HyperQueue, Flux, and local"
phoenix,1,jobarray,/data/rcadmins/tianche5/wms-paper-chain/bench-WORKS26/dryrun-plots/synthetic-monitor-tree/phoenix/rep1/jobarray,0.16679906421237523,79,7.128117,0.3215021197663413,"benchmark-user sdiag row, attributed by UID; valid for every backend including HyperQueue, Flux, and local"
phoenix,1,jobarray,/data/rcadmins/tianche5/wms-paper-chain/bench-WORKS26/dryrun-plots/synthetic-monitor-tree/phoenix/rep1/jobarray,0.25013239754570854,280,28.875846,0.3215021197663413,"benchmark-user sdiag row, attributed by UID; valid for every backend including HyperQueue, Flux, and local"
phoenix,1,jobarray,/data/rcadmins/tianche5/wms-paper-chain/bench-WORKS26/dryrun-plots/synthetic-monitor-tree/phoenix/rep1/jobarray,0.3337435086568197,387,45.819144,0.3215021197663413,"benchmark-user sdiag row, attributed by UID; valid for every backend including HyperQueue, Flux, and local"
phoenix,1,jobarray,/data/rcadmins/tianche5/wms-paper-chain/bench-WORKS26/dryrun-plots/synthetic-monitor-tree/phoenix/rep1/jobarray,0.34339020563496486,387,45.819144,0.3215021197663413,"benchmark-user sdiag row, attributed by UID; valid for every backend including HyperQueue, Flux, and local"
phoenix,1,native,/data/rcadmins/tianche5/wms-paper-chain/bench-WORKS26/dryrun-plots/synthetic-monitor-tree/phoenix/rep1/native,-2.3699932628207736e-05,0,0.0,1.029976000189781,"benchmark-user sdiag row, attributed by UID; valid for every backend including HyperQueue, Flux, and local"
phoenix,1,native,/data/rcadmins/tianche5/wms-paper-chain/bench-WORKS26/dryrun-plots/synthetic-monitor-tree/phoenix/rep1/native,0.08317433350616031,402,47.0956,1.029976000189781,"benchmark-user sdiag row, attributed by UID; valid for every backend including HyperQueue, Flux, and local"
phoenix,1,native,/data/rcadmins/tianche5/wms-paper-chain/bench-WORKS26/dryrun-plots/synthetic-monitor-tree/phoenix/rep1/native,0.16650766683949364,916,118.623189,1.029976000189781,"benchmark-user sdiag row, attributed by UID; valid for every backend including HyperQueue, Flux, and local"
phoenix,1,native,/data/rcadmins/tianche5/wms-paper-chain/bench-WORKS26/dryrun-plots/synthetic-monitor-tree/phoenix/rep1/native,0.2501187779506048,1423,196.559753,1.029976000189781,"benchmark-user sdiag row, attributed by UID; valid for every backend including HyperQueue, Flux, and local"
phoenix,1,native,/data/rcadmins/tianche5/wms-paper-chain/bench-WORKS26/dryrun-plots/synthetic-monitor-tree/phoenix/rep1/native,0.3334521112839381,1932,266.523011,1.029976000189781,"benchmark-user sdiag row, attributed by UID; valid for every backend including HyperQueue, Flux, and local"
phoenix,1,native,/data/rcadmins/tianche5/wms-paper-chain/bench-WORKS26/dryrun-plots/synthetic-monitor-tree/phoenix/rep1/native,0.4167854446172714,2439,340.885103,1.029976000189781,"benchmark-user sdiag row, attributed by UID; valid for every backend including HyperQueue, Flux, and local"
phoenix,1,native,/data/rcadmins/tianche5/wms-paper-chain/bench-WORKS26/dryrun-plots/synthetic-monitor-tree/phoenix/rep1/native,0.5001187779506048,2933,416.206248,1.029976000189781,"benchmark-user sdiag row, attributed by UID; valid for every backend including HyperQueue, Flux, and local"
phoenix,1,native,/data/rcadmins/tianche5/wms-paper-chain/bench-WORKS26/dryrun-plots/synthetic-monitor-tree/phoenix/rep1/native,0.5837298890617159,3445,487.0894,1.029976000189781,"benchmark-user sdiag row, attributed by UID; valid for every backend including HyperQueue, Flux, and local"
phoenix,1,native,/data/rcadmins/tianche5/wms-paper-chain/bench-WORKS26/dryrun-plots/synthetic-monitor-tree/phoenix/rep1/native,0.6670632223950492,3954,561.751569,1.029976000189781,"benchmark-user sdiag row, attributed by UID; valid for every backend including HyperQueue, Flux, and local"
phoenix,1,native,/data/rcadmins/tianche5/wms-paper-chain/bench-WORKS26/dryrun-plots/synthetic-monitor-tree/phoenix/rep1/native,0.7506743335061603,4468,637.880917,1.029976000189781,"benchmark-user sdiag row, attributed by UID; valid for every backend including HyperQueue, Flux, and local"
phoenix,1,native,/data/rcadmins/tianche5/wms-paper-chain/bench-WORKS26/dryrun-plots/synthetic-monitor-tree/phoenix/rep1/native,0.8340076668394937,4979,707.168097,1.029976000189781,"benchmark-user sdiag row, attributed by UID; valid for every backend including HyperQueue, Flux, and local"
phoenix,1,native,/data/rcadmins/tianche5/wms-paper-chain/bench-WORKS26/dryrun-plots/synthetic-monitor-tree/phoenix/rep1/native,0.9173410001728269,5013,715.61019,1.029976000189781,"benchmark-user sdiag row, attributed by UID; valid for every backend including HyperQueue, Flux, and local"
phoenix,1,native,/data/rcadmins/tianche5/wms-paper-chain/bench-WORKS26/dryrun-plots/synthetic-monitor-tree/phoenix/rep1/native,1.0006743335061603,5025,717.995562,1.029976000189781,"benchmark-user sdiag row, attributed by UID; valid for every backend including HyperQueue, Flux, and local"
phoenix,1,native,/data/rcadmins/tianche5/wms-paper-chain/bench-WORKS26/dryrun-plots/synthetic-monitor-tree/phoenix/rep1/native,1.0439352985885408,5126,728.771119,1.029976000189781,"benchmark-user sdiag row, attributed by UID; valid for every backend including HyperQueue, Flux, and local"
phoenix,1,flux,/data/rcadmins/tianche5/wms-paper-chain/bench-WORKS26/dryrun-plots/synthetic-monitor-tree/phoenix/rep1/flux,-2.2614333364698623e-05,0,0.0,0.6469345016611947,"benchmark-user sdiag row, attributed by UID; valid for every backend including HyperQueue, Flux, and local"
phoenix,1,flux,/data/rcadmins/tianche5/wms-paper-chain/bench-WORKS26/dryrun-plots/synthetic-monitor-tree/phoenix/rep1/flux,0.08315089053577847,22,1.779085,0.6469345016611947,"benchmark-user sdiag row, attributed by UID; valid for every backend including HyperQueue, Flux, and local"
phoenix,1,flux,/data/rcadmins/tianche5/wms-paper-chain/bench-WORKS26/dryrun-plots/synthetic-monitor-tree/phoenix/rep1/flux,0.1664842238691118,37,1.78121,0.6469345016611947,"benchmark-user sdiag row, attributed by UID; valid for every backend including HyperQueue, Flux, and local"
phoenix,1,flux,/data/rcadmins/tianche5/wms-paper-chain/bench-WORKS26/dryrun-plots/synthetic-monitor-tree/phoenix/rep1/flux,0.2500953349802229,52,1.782987,0.6469345016611947,"benchmark-user sdiag row, attributed by UID; valid for every backend including HyperQueue, Flux, and local"
phoenix,1,flux,/data/rcadmins/tianche5/wms-paper-chain/bench-WORKS26/dryrun-plots/synthetic-monitor-tree/phoenix/rep1/flux,0.3334286683135562,67,1.784858,0.6469345016611947,"benchmark-user sdiag row, attributed by UID; valid for every backend including HyperQueue, Flux, and local"
phoenix,1,flux,/data/rcadmins/tianche5/wms-paper-chain/bench-WORKS26/dryrun-plots/synthetic-monitor-tree/phoenix/rep1/flux,0.4167620016468896,82,1.786951,0.6469345016611947,"benchmark-user sdiag row, attributed by UID; valid for every backend including HyperQueue, Flux, and local"
phoenix,1,flux,/data/rcadmins/tianche5/wms-paper-chain/bench-WORKS26/dryrun-plots/synthetic-monitor-tree/phoenix/rep1/flux,0.500095334980223,97,1.78961,0.6469345016611947,"benchmark-user sdiag row, attributed by UID; valid for every backend including HyperQueue, Flux, and local"
phoenix,1,flux,/data/rcadmins/tianche5/wms-paper-chain/bench-WORKS26/dryrun-plots/synthetic-monitor-tree/phoenix/rep1/flux,0.583706446091334,112,2.130148,0.6469345016611947,"benchmark-user sdiag row, attributed by UID; valid for every backend including HyperQueue, Flux, and local"
phoenix,1,flux,/data/rcadmins/tianche5/wms-paper-chain/bench-WORKS26/dryrun-plots/synthetic-monitor-tree/phoenix/rep1/flux,0.6602925784720315,127,2.13248,0.6469345016611947,"benchmark-user sdiag row, attributed by UID; valid for every backend including HyperQueue, Flux, and local"
phoenix,1,hyperqueue,/data/rcadmins/tianche5/wms-paper-chain/bench-WORKS26/dryrun-plots/synthetic-monitor-tree/phoenix/rep1/hyperqueue,-2.3457672860887317e-05,0,0.0,0.3205811619758606,"benchmark-user sdiag row, attributed by UID; valid for every backend including HyperQueue, Flux, and local"
phoenix,1,hyperqueue,/data/rcadmins/tianche5/wms-paper-chain/bench-WORKS26/dryrun-plots/synthetic-monitor-tree/phoenix/rep1/hyperqueue,0.0832864397764206,145,10.477472,0.3205811619758606,"benchmark-user sdiag row, attributed by UID; valid for every backend including HyperQueue, Flux, and local"
phoenix,1,hyperqueue,/data/rcadmins/tianche5/wms-paper-chain/bench-WORKS26/dryrun-plots/synthetic-monitor-tree/phoenix/rep1/hyperqueue,0.16661977310975393,316,33.222512,0.3205811619758606,"benchmark-user sdiag row, attributed by UID; valid for every backend including HyperQueue, Flux, and local"
phoenix,1,hyperqueue,/data/rcadmins/tianche5/wms-paper-chain/bench-WORKS26/dryrun-plots/synthetic-monitor-tree/phoenix/rep1/hyperqueue,0.24995310644308727,319,35.071713,0.3205811619758606,"benchmark-user sdiag row, attributed by UID; valid for every backend including HyperQueue, Flux, and local"
phoenix,1,hyperqueue,/data/rcadmins/tianche5/wms-paper-chain/bench-WORKS26/dryrun-plots/synthetic-monitor-tree/phoenix/rep1/hyperqueue,0.33356421755419835,415,40.783021,0.3205811619758606,"benchmark-user sdiag row, attributed by UID; valid for every backend including HyperQueue, Flux, and local"
phoenix,1,hyperqueue,/data/rcadmins/tianche5/wms-paper-chain/bench-WORKS26/dryrun-plots/synthetic-monitor-tree/phoenix/rep1/hyperqueue,0.34201778444978925,415,40.783021,0.3205811619758606,"benchmark-user sdiag row, attributed by UID; valid for every backend including HyperQueue, Flux, and local"
