venue,replicate,backend,run_dir,hours_from_clean_start,rpc_count_since_t0,rpc_processing_s_since_t0,walltime_h,ordinary_censored_substitution,interpretation
phoenix,1,jobarray,/data/rcadmins/tianche5/wms-paper-chain/bench-WORKS26/dryrun-plots/synthetic-monitor-tree/phoenix/rep1/jobarray,-2.3103290134006076e-05,0,0.0,0.3215021197663413,False,"benchmark-user sdiag row, attributed by UID; valid for every backend including HyperQueue, Flux, and local"
phoenix,1,jobarray,/data/rcadmins/tianche5/wms-paper-chain/bench-WORKS26/dryrun-plots/synthetic-monitor-tree/phoenix/rep1/jobarray,0.0831879531012641,35,2.516786,0.3215021197663413,False,"benchmark-user sdiag row, attributed by UID; valid for every backend including HyperQueue, Flux, and local"
phoenix,1,jobarray,/data/rcadmins/tianche5/wms-paper-chain/bench-WORKS26/dryrun-plots/synthetic-monitor-tree/phoenix/rep1/jobarray,0.16679906421237523,79,7.128117,0.3215021197663413,False,"benchmark-user sdiag row, attributed by UID; valid for every backend including HyperQueue, Flux, and local"
phoenix,1,jobarray,/data/rcadmins/tianche5/wms-paper-chain/bench-WORKS26/dryrun-plots/synthetic-monitor-tree/phoenix/rep1/jobarray,0.25013239754570854,280,28.875846,0.3215021197663413,False,"benchmark-user sdiag row, attributed by UID; valid for every backend including HyperQueue, Flux, and local"
phoenix,1,jobarray,/data/rcadmins/tianche5/wms-paper-chain/bench-WORKS26/dryrun-plots/synthetic-monitor-tree/phoenix/rep1/jobarray,0.3337435086568197,387,45.819144,0.3215021197663413,False,"benchmark-user sdiag row, attributed by UID; valid for every backend including HyperQueue, Flux, and local"
phoenix,1,jobarray,/data/rcadmins/tianche5/wms-paper-chain/bench-WORKS26/dryrun-plots/synthetic-monitor-tree/phoenix/rep1/jobarray,0.34339020563496486,387,45.819144,0.3215021197663413,False,"benchmark-user sdiag row, attributed by UID; valid for every backend including HyperQueue, Flux, and local"
phoenix,1,native,/data/rcadmins/tianche5/wms-paper-chain/bench-WORKS26/dryrun-plots/synthetic-monitor-tree/phoenix/rep1/native,-2.3699932628207736e-05,0,0.0,1.029976000189781,False,"benchmark-user sdiag row, attributed by UID; valid for every backend including HyperQueue, Flux, and local"
phoenix,1,native,/data/rcadmins/tianche5/wms-paper-chain/bench-WORKS26/dryrun-plots/synthetic-monitor-tree/phoenix/rep1/native,0.08317433350616031,402,47.0956,1.029976000189781,False,"benchmark-user sdiag row, attributed by UID; valid for every backend including HyperQueue, Flux, and local"
phoenix,1,native,/data/rcadmins/tianche5/wms-paper-chain/bench-WORKS26/dryrun-plots/synthetic-monitor-tree/phoenix/rep1/native,0.16650766683949364,916,118.623189,1.029976000189781,False,"benchmark-user sdiag row, attributed by UID; valid for every backend including HyperQueue, Flux, and local"
phoenix,1,native,/data/rcadmins/tianche5/wms-paper-chain/bench-WORKS26/dryrun-plots/synthetic-monitor-tree/phoenix/rep1/native,0.2501187779506048,1423,196.559753,1.029976000189781,False,"benchmark-user sdiag row, attributed by UID; valid for every backend including HyperQueue, Flux, and local"
phoenix,1,native,/data/rcadmins/tianche5/wms-paper-chain/bench-WORKS26/dryrun-plots/synthetic-monitor-tree/phoenix/rep1/native,0.3334521112839381,1932,266.523011,1.029976000189781,False,"benchmark-user sdiag row, attributed by UID; valid for every backend including HyperQueue, Flux, and local"
phoenix,1,native,/data/rcadmins/tianche5/wms-paper-chain/bench-WORKS26/dryrun-plots/synthetic-monitor-tree/phoenix/rep1/native,0.4167854446172714,2439,340.885103,1.029976000189781,False,"benchmark-user sdiag row, attributed by UID; valid for every backend including HyperQueue, Flux, and local"
phoenix,1,native,/data/rcadmins/tianche5/wms-paper-chain/bench-WORKS26/dryrun-plots/synthetic-monitor-tree/phoenix/rep1/native,0.5001187779506048,2933,416.206248,1.029976000189781,False,"benchmark-user sdiag row, attributed by UID; valid for every backend including HyperQueue, Flux, and local"
phoenix,1,native,/data/rcadmins/tianche5/wms-paper-chain/bench-WORKS26/dryrun-plots/synthetic-monitor-tree/phoenix/rep1/native,0.5837298890617159,3445,487.0894,1.029976000189781,False,"benchmark-user sdiag row, attributed by UID; valid for every backend including HyperQueue, Flux, and local"
phoenix,1,native,/data/rcadmins/tianche5/wms-paper-chain/bench-WORKS26/dryrun-plots/synthetic-monitor-tree/phoenix/rep1/native,0.6670632223950492,3954,561.751569,1.029976000189781,False,"benchmark-user sdiag row, attributed by UID; valid for every backend including HyperQueue, Flux, and local"
phoenix,1,native,/data/rcadmins/tianche5/wms-paper-chain/bench-WORKS26/dryrun-plots/synthetic-monitor-tree/phoenix/rep1/native,0.7506743335061603,4468,637.880917,1.029976000189781,False,"benchmark-user sdiag row, attributed by UID; valid for every backend including HyperQueue, Flux, and local"
phoenix,1,native,/data/rcadmins/tianche5/wms-paper-chain/bench-WORKS26/dryrun-plots/synthetic-monitor-tree/phoenix/rep1/native,0.8340076668394937,4979,707.168097,1.029976000189781,False,"benchmark-user sdiag row, attributed by UID; valid for every backend including HyperQueue, Flux, and local"
phoenix,1,native,/data/rcadmins/tianche5/wms-paper-chain/bench-WORKS26/dryrun-plots/synthetic-monitor-tree/phoenix/rep1/native,0.9173410001728269,5013,715.61019,1.029976000189781,False,"benchmark-user sdiag row, attributed by UID; valid for every backend including HyperQueue, Flux, and local"
phoenix,1,native,/data/rcadmins/tianche5/wms-paper-chain/bench-WORKS26/dryrun-plots/synthetic-monitor-tree/phoenix/rep1/native,1.0006743335061603,5025,717.995562,1.029976000189781,False,"benchmark-user sdiag row, attributed by UID; valid for every backend including HyperQueue, Flux, and local"
phoenix,1,native,/data/rcadmins/tianche5/wms-paper-chain/bench-WORKS26/dryrun-plots/synthetic-monitor-tree/phoenix/rep1/native,1.0439352985885408,5126,728.771119,1.029976000189781,False,"benchmark-user sdiag row, attributed by UID; valid for every backend including HyperQueue, Flux, and local"
phoenix,1,flux,/data/rcadmins/tianche5/wms-paper-chain/bench-WORKS26/dryrun-plots/synthetic-monitor-tree/phoenix/rep1/flux,-2.2614333364698623e-05,0,0.0,0.6469345016611947,False,"benchmark-user sdiag row, attributed by UID; valid for every backend including HyperQueue, Flux, and local"
phoenix,1,flux,/data/rcadmins/tianche5/wms-paper-chain/bench-WORKS26/dryrun-plots/synthetic-monitor-tree/phoenix/rep1/flux,0.08315089053577847,22,1.779085,0.6469345016611947,False,"benchmark-user sdiag row, attributed by UID; valid for every backend including HyperQueue, Flux, and local"
phoenix,1,flux,/data/rcadmins/tianche5/wms-paper-chain/bench-WORKS26/dryrun-plots/synthetic-monitor-tree/phoenix/rep1/flux,0.1664842238691118,37,1.78121,0.6469345016611947,False,"benchmark-user sdiag row, attributed by UID; valid for every backend including HyperQueue, Flux, and local"
phoenix,1,flux,/data/rcadmins/tianche5/wms-paper-chain/bench-WORKS26/dryrun-plots/synthetic-monitor-tree/phoenix/rep1/flux,0.2500953349802229,52,1.782987,0.6469345016611947,False,"benchmark-user sdiag row, attributed by UID; valid for every backend including HyperQueue, Flux, and local"
phoenix,1,flux,/data/rcadmins/tianche5/wms-paper-chain/bench-WORKS26/dryrun-plots/synthetic-monitor-tree/phoenix/rep1/flux,0.3334286683135562,67,1.784858,0.6469345016611947,False,"benchmark-user sdiag row, attributed by UID; valid for every backend including HyperQueue, Flux, and local"
phoenix,1,flux,/data/rcadmins/tianche5/wms-paper-chain/bench-WORKS26/dryrun-plots/synthetic-monitor-tree/phoenix/rep1/flux,0.4167620016468896,82,1.786951,0.6469345016611947,False,"benchmark-user sdiag row, attributed by UID; valid for every backend including HyperQueue, Flux, and local"
phoenix,1,flux,/data/rcadmins/tianche5/wms-paper-chain/bench-WORKS26/dryrun-plots/synthetic-monitor-tree/phoenix/rep1/flux,0.500095334980223,97,1.78961,0.6469345016611947,False,"benchmark-user sdiag row, attributed by UID; valid for every backend including HyperQueue, Flux, and local"
phoenix,1,flux,/data/rcadmins/tianche5/wms-paper-chain/bench-WORKS26/dryrun-plots/synthetic-monitor-tree/phoenix/rep1/flux,0.583706446091334,112,2.130148,0.6469345016611947,False,"benchmark-user sdiag row, attributed by UID; valid for every backend including HyperQueue, Flux, and local"
phoenix,1,flux,/data/rcadmins/tianche5/wms-paper-chain/bench-WORKS26/dryrun-plots/synthetic-monitor-tree/phoenix/rep1/flux,0.6602925784720315,127,2.13248,0.6469345016611947,False,"benchmark-user sdiag row, attributed by UID; valid for every backend including HyperQueue, Flux, and local"
phoenix,1,hyperqueue,/data/rcadmins/tianche5/wms-paper-chain/bench-WORKS26/dryrun-plots/synthetic-monitor-tree/phoenix/rep1/hyperqueue,-2.3457672860887317e-05,0,0.0,0.3205811619758606,False,"benchmark-user sdiag row, attributed by UID; valid for every backend including HyperQueue, Flux, and local"
phoenix,1,hyperqueue,/data/rcadmins/tianche5/wms-paper-chain/bench-WORKS26/dryrun-plots/synthetic-monitor-tree/phoenix/rep1/hyperqueue,0.0832864397764206,145,10.477472,0.3205811619758606,False,"benchmark-user sdiag row, attributed by UID; valid for every backend including HyperQueue, Flux, and local"
phoenix,1,hyperqueue,/data/rcadmins/tianche5/wms-paper-chain/bench-WORKS26/dryrun-plots/synthetic-monitor-tree/phoenix/rep1/hyperqueue,0.16661977310975393,316,33.222512,0.3205811619758606,False,"benchmark-user sdiag row, attributed by UID; valid for every backend including HyperQueue, Flux, and local"
phoenix,1,hyperqueue,/data/rcadmins/tianche5/wms-paper-chain/bench-WORKS26/dryrun-plots/synthetic-monitor-tree/phoenix/rep1/hyperqueue,0.24995310644308727,319,35.071713,0.3205811619758606,False,"benchmark-user sdiag row, attributed by UID; valid for every backend including HyperQueue, Flux, and local"
phoenix,1,hyperqueue,/data/rcadmins/tianche5/wms-paper-chain/bench-WORKS26/dryrun-plots/synthetic-monitor-tree/phoenix/rep1/hyperqueue,0.33356421755419835,415,40.783021,0.3205811619758606,False,"benchmark-user sdiag row, attributed by UID; valid for every backend including HyperQueue, Flux, and local"
phoenix,1,hyperqueue,/data/rcadmins/tianche5/wms-paper-chain/bench-WORKS26/dryrun-plots/synthetic-monitor-tree/phoenix/rep1/hyperqueue,0.34201778444978925,415,40.783021,0.3205811619758606,False,"benchmark-user sdiag row, attributed by UID; valid for every backend including HyperQueue, Flux, and local"
phoenix,2,native,/data/rcadmins/tianche5/wms-paper-chain/bench-WORKS26/dryrun-plots/synthetic-monitor-tree/phoenix/rep2/native,-2.7660661273532442e-05,0,0.0,1.0289933781491385,False,"benchmark-user sdiag row, attributed by UID; valid for every backend including HyperQueue, Flux, and local"
phoenix,2,native,/data/rcadmins/tianche5/wms-paper-chain/bench-WORKS26/dryrun-plots/synthetic-monitor-tree/phoenix/rep2/native,0.08312143372164832,379,35.229587,1.0289933781491385,False,"benchmark-user sdiag row, attributed by UID; valid for every backend including HyperQueue, Flux, and local"
phoenix,2,native,/data/rcadmins/tianche5/wms-paper-chain/bench-WORKS26/dryrun-plots/synthetic-monitor-tree/phoenix/rep2/native,0.16673254483275943,888,95.985003,1.0289933781491385,False,"benchmark-user sdiag row, attributed by UID; valid for every backend including HyperQueue, Flux, and local"
phoenix,2,native,/data/rcadmins/tianche5/wms-paper-chain/bench-WORKS26/dryrun-plots/synthetic-monitor-tree/phoenix/rep2/native,0.25006587816609277,1398,155.161434,1.0289933781491385,False,"benchmark-user sdiag row, attributed by UID; valid for every backend including HyperQueue, Flux, and local"
phoenix,2,native,/data/rcadmins/tianche5/wms-paper-chain/bench-WORKS26/dryrun-plots/synthetic-monitor-tree/phoenix/rep2/native,0.3333992114994261,1907,212.093079,1.0289933781491385,False,"benchmark-user sdiag row, attributed by UID; valid for every backend including HyperQueue, Flux, and local"
phoenix,2,native,/data/rcadmins/tianche5/wms-paper-chain/bench-WORKS26/dryrun-plots/synthetic-monitor-tree/phoenix/rep2/native,0.41673254483275946,2413,274.447575,1.0289933781491385,False,"benchmark-user sdiag row, attributed by UID; valid for every backend including HyperQueue, Flux, and local"
phoenix,2,native,/data/rcadmins/tianche5/wms-paper-chain/bench-WORKS26/dryrun-plots/synthetic-monitor-tree/phoenix/rep2/native,0.5003436559438705,2921,340.136831,1.0289933781491385,False,"benchmark-user sdiag row, attributed by UID; valid for every backend including HyperQueue, Flux, and local"
phoenix,2,native,/data/rcadmins/tianche5/wms-paper-chain/bench-WORKS26/dryrun-plots/synthetic-monitor-tree/phoenix/rep2/native,0.5836769892772039,3432,400.994523,1.0289933781491385,False,"benchmark-user sdiag row, attributed by UID; valid for every backend including HyperQueue, Flux, and local"
phoenix,2,native,/data/rcadmins/tianche5/wms-paper-chain/bench-WORKS26/dryrun-plots/synthetic-monitor-tree/phoenix/rep2/native,0.6670103226105372,3940,460.411114,1.0289933781491385,False,"benchmark-user sdiag row, attributed by UID; valid for every backend including HyperQueue, Flux, and local"
phoenix,2,native,/data/rcadmins/tianche5/wms-paper-chain/bench-WORKS26/dryrun-plots/synthetic-monitor-tree/phoenix/rep2/native,0.7503436559438705,4449,512.753031,1.0289933781491385,False,"benchmark-user sdiag row, attributed by UID; valid for every backend including HyperQueue, Flux, and local"
phoenix,2,native,/data/rcadmins/tianche5/wms-paper-chain/bench-WORKS26/dryrun-plots/synthetic-monitor-tree/phoenix/rep2/native,0.8336769892772039,4955,574.364033,1.0289933781491385,False,"benchmark-user sdiag row, attributed by UID; valid for every backend including HyperQueue, Flux, and local"
phoenix,2,native,/data/rcadmins/tianche5/wms-paper-chain/bench-WORKS26/dryrun-plots/synthetic-monitor-tree/phoenix/rep2/native,0.9170103226105372,4995,574.660398,1.0289933781491385,False,"benchmark-user sdiag row, attributed by UID; valid for every backend including HyperQueue, Flux, and local"
phoenix,2,native,/data/rcadmins/tianche5/wms-paper-chain/bench-WORKS26/dryrun-plots/synthetic-monitor-tree/phoenix/rep2/native,1.0006214337216484,5010,574.682877,1.0289933781491385,False,"benchmark-user sdiag row, attributed by UID; valid for every backend including HyperQueue, Flux, and local"
phoenix,2,native,/data/rcadmins/tianche5/wms-paper-chain/bench-WORKS26/dryrun-plots/synthetic-monitor-tree/phoenix/rep2/native,1.0437191085682975,5111,585.447982,1.0289933781491385,False,"benchmark-user sdiag row, attributed by UID; valid for every backend including HyperQueue, Flux, and local"
phoenix,2,jobarray,/data/rcadmins/tianche5/wms-paper-chain/bench-WORKS26/dryrun-plots/synthetic-monitor-tree/phoenix/rep2/jobarray,-2.0093123118082683e-05,0,0.0,0.4134230015675227,False,"benchmark-user sdiag row, attributed by UID; valid for every backend including HyperQueue, Flux, and local"
phoenix,2,jobarray,/data/rcadmins/tianche5/wms-paper-chain/bench-WORKS26/dryrun-plots/synthetic-monitor-tree/phoenix/rep2/jobarray,0.08312133491039277,35,10.053962,0.4134230015675227,False,"benchmark-user sdiag row, attributed by UID; valid for every backend including HyperQueue, Flux, and local"
phoenix,2,jobarray,/data/rcadmins/tianche5/wms-paper-chain/bench-WORKS26/dryrun-plots/synthetic-monitor-tree/phoenix/rep2/jobarray,0.16673244602150386,50,10.746154,0.4134230015675227,False,"benchmark-user sdiag row, attributed by UID; valid for every backend including HyperQueue, Flux, and local"
phoenix,2,jobarray,/data/rcadmins/tianche5/wms-paper-chain/bench-WORKS26/dryrun-plots/synthetic-monitor-tree/phoenix/rep2/jobarray,0.25034355713261497,315,40.611614,0.4134230015675227,False,"benchmark-user sdiag row, attributed by UID; valid for every backend including HyperQueue, Flux, and local"
phoenix,2,jobarray,/data/rcadmins/tianche5/wms-paper-chain/bench-WORKS26/dryrun-plots/synthetic-monitor-tree/phoenix/rep2/jobarray,0.33367689046594834,330,41.561643,0.4134230015675227,False,"benchmark-user sdiag row, attributed by UID; valid for every backend including HyperQueue, Flux, and local"
phoenix,2,jobarray,/data/rcadmins/tianche5/wms-paper-chain/bench-WORKS26/dryrun-plots/synthetic-monitor-tree/phoenix/rep2/jobarray,0.41701022379928165,436,48.479698,0.4134230015675227,False,"benchmark-user sdiag row, attributed by UID; valid for every backend including HyperQueue, Flux, and local"
phoenix,2,jobarray,/data/rcadmins/tianche5/wms-paper-chain/bench-WORKS26/dryrun-plots/synthetic-monitor-tree/phoenix/rep2/jobarray,0.44201472732755875,440,48.48345,0.4134230015675227,False,"benchmark-user sdiag row, attributed by UID; valid for every backend including HyperQueue, Flux, and local"
phoenix,2,hyperqueue,/data/rcadmins/tianche5/wms-paper-chain/bench-WORKS26/dryrun-plots/synthetic-monitor-tree/phoenix/rep2/hyperqueue,-1.9369920094807944e-05,0,0.0,0.3201780621210734,False,"benchmark-user sdiag row, attributed by UID; valid for every backend including HyperQueue, Flux, and local"
phoenix,2,hyperqueue,/data/rcadmins/tianche5/wms-paper-chain/bench-WORKS26/dryrun-plots/synthetic-monitor-tree/phoenix/rep2/hyperqueue,0.08318972878985935,140,16.427772,0.3201780621210734,False,"benchmark-user sdiag row, attributed by UID; valid for every backend including HyperQueue, Flux, and local"
phoenix,2,hyperqueue,/data/rcadmins/tianche5/wms-paper-chain/bench-WORKS26/dryrun-plots/synthetic-monitor-tree/phoenix/rep2/hyperqueue,0.16652306212319268,311,38.628648,0.3201780621210734,False,"benchmark-user sdiag row, attributed by UID; valid for every backend including HyperQueue, Flux, and local"
phoenix,2,hyperqueue,/data/rcadmins/tianche5/wms-paper-chain/bench-WORKS26/dryrun-plots/synthetic-monitor-tree/phoenix/rep2/hyperqueue,0.24985639545652602,319,38.66027,0.3201780621210734,False,"benchmark-user sdiag row, attributed by UID; valid for every backend including HyperQueue, Flux, and local"
phoenix,2,hyperqueue,/data/rcadmins/tianche5/wms-paper-chain/bench-WORKS26/dryrun-plots/synthetic-monitor-tree/phoenix/rep2/hyperqueue,0.33346750656763713,419,38.734687,0.3201780621210734,False,"benchmark-user sdiag row, attributed by UID; valid for every backend including HyperQueue, Flux, and local"
phoenix,2,hyperqueue,/data/rcadmins/tianche5/wms-paper-chain/bench-WORKS26/dryrun-plots/synthetic-monitor-tree/phoenix/rep2/hyperqueue,0.34195462842782337,419,38.734687,0.3201780621210734,False,"benchmark-user sdiag row, attributed by UID; valid for every backend including HyperQueue, Flux, and local"
phoenix,2,flux,/data/rcadmins/tianche5/wms-paper-chain/bench-WORKS26/dryrun-plots/synthetic-monitor-tree/phoenix/rep2/flux,-1.978192064497206e-05,0,0.0,0.6415728053119447,False,"benchmark-user sdiag row, attributed by UID; valid for every backend including HyperQueue, Flux, and local"
phoenix,2,flux,/data/rcadmins/tianche5/wms-paper-chain/bench-WORKS26/dryrun-plots/synthetic-monitor-tree/phoenix/rep2/flux,0.08330086085531446,19,1.386791,0.6415728053119447,False,"benchmark-user sdiag row, attributed by UID; valid for every backend including HyperQueue, Flux, and local"
phoenix,2,flux,/data/rcadmins/tianche5/wms-paper-chain/bench-WORKS26/dryrun-plots/synthetic-monitor-tree/phoenix/rep2/flux,0.1666341941886478,34,2.78869,0.6415728053119447,False,"benchmark-user sdiag row, attributed by UID; valid for every backend including HyperQueue, Flux, and local"
phoenix,2,flux,/data/rcadmins/tianche5/wms-paper-chain/bench-WORKS26/dryrun-plots/synthetic-monitor-tree/phoenix/rep2/flux,0.24996752752198112,49,4.766754,0.6415728053119447,False,"benchmark-user sdiag row, attributed by UID; valid for every backend including HyperQueue, Flux, and local"
phoenix,2,flux,/data/rcadmins/tianche5/wms-paper-chain/bench-WORKS26/dryrun-plots/synthetic-monitor-tree/phoenix/rep2/flux,0.33330086085531446,64,4.769067,0.6415728053119447,False,"benchmark-user sdiag row, attributed by UID; valid for every backend including HyperQueue, Flux, and local"
phoenix,2,flux,/data/rcadmins/tianche5/wms-paper-chain/bench-WORKS26/dryrun-plots/synthetic-monitor-tree/phoenix/rep2/flux,0.4166341941886478,79,6.286004,0.6415728053119447,False,"benchmark-user sdiag row, attributed by UID; valid for every backend including HyperQueue, Flux, and local"
phoenix,2,flux,/data/rcadmins/tianche5/wms-paper-chain/bench-WORKS26/dryrun-plots/synthetic-monitor-tree/phoenix/rep2/flux,0.5002453052997589,94,6.753369,0.6415728053119447,False,"benchmark-user sdiag row, attributed by UID; valid for every backend including HyperQueue, Flux, and local"
phoenix,2,flux,/data/rcadmins/tianche5/wms-paper-chain/bench-WORKS26/dryrun-plots/synthetic-monitor-tree/phoenix/rep2/flux,0.5835786386330922,109,6.854931,0.6415728053119447,False,"benchmark-user sdiag row, attributed by UID; valid for every backend including HyperQueue, Flux, and local"
phoenix,2,flux,/data/rcadmins/tianche5/wms-paper-chain/bench-WORKS26/dryrun-plots/synthetic-monitor-tree/phoenix/rep2/flux,0.6587672732936012,125,9.049266,0.6415728053119447,False,"benchmark-user sdiag row, attributed by UID; valid for every backend including HyperQueue, Flux, and local"
phoenix,3,flux,/data/rcadmins/tianche5/wms-paper-chain/bench-WORKS26/dryrun-plots/synthetic-monitor-tree/phoenix/rep3/flux,-2.154476112789578e-05,0,0.0,0.6846903264522552,False,"benchmark-user sdiag row, attributed by UID; valid for every backend including HyperQueue, Flux, and local"
phoenix,3,flux,/data/rcadmins/tianche5/wms-paper-chain/bench-WORKS26/dryrun-plots/synthetic-monitor-tree/phoenix/rep3/flux,0.08307588199774424,19,0.899131,0.6846903264522552,False,"benchmark-user sdiag row, attributed by UID; valid for every backend including HyperQueue, Flux, and local"
phoenix,3,flux,/data/rcadmins/tianche5/wms-paper-chain/bench-WORKS26/dryrun-plots/synthetic-monitor-tree/phoenix/rep3/flux,0.16668699310885535,34,2.777837,0.6846903264522552,False,"benchmark-user sdiag row, attributed by UID; valid for every backend including HyperQueue, Flux, and local"
phoenix,3,flux,/data/rcadmins/tianche5/wms-paper-chain/bench-WORKS26/dryrun-plots/synthetic-monitor-tree/phoenix/rep3/flux,0.2500203264421887,49,4.596414,0.6846903264522552,False,"benchmark-user sdiag row, attributed by UID; valid for every backend including HyperQueue, Flux, and local"
phoenix,3,flux,/data/rcadmins/tianche5/wms-paper-chain/bench-WORKS26/dryrun-plots/synthetic-monitor-tree/phoenix/rep3/flux,0.333353659775522,64,5.73384,0.6846903264522552,False,"benchmark-user sdiag row, attributed by UID; valid for every backend including HyperQueue, Flux, and local"
phoenix,3,flux,/data/rcadmins/tianche5/wms-paper-chain/bench-WORKS26/dryrun-plots/synthetic-monitor-tree/phoenix/rep3/flux,0.4166869931088554,79,6.611933,0.6846903264522552,False,"benchmark-user sdiag row, attributed by UID; valid for every backend including HyperQueue, Flux, and local"
phoenix,3,flux,/data/rcadmins/tianche5/wms-paper-chain/bench-WORKS26/dryrun-plots/synthetic-monitor-tree/phoenix/rep3/flux,0.5000203264421886,94,6.613738,0.6846903264522552,False,"benchmark-user sdiag row, attributed by UID; valid for every backend including HyperQueue, Flux, and local"
phoenix,3,flux,/data/rcadmins/tianche5/wms-paper-chain/bench-WORKS26/dryrun-plots/synthetic-monitor-tree/phoenix/rep3/flux,0.5836314375532998,109,8.524507,0.6846903264522552,False,"benchmark-user sdiag row, attributed by UID; valid for every backend including HyperQueue, Flux, and local"
phoenix,3,flux,/data/rcadmins/tianche5/wms-paper-chain/bench-WORKS26/dryrun-plots/synthetic-monitor-tree/phoenix/rep3/flux,0.6669647708866331,124,9.423613,0.6846903264522552,False,"benchmark-user sdiag row, attributed by UID; valid for every backend including HyperQueue, Flux, and local"
phoenix,3,flux,/data/rcadmins/tianche5/wms-paper-chain/bench-WORKS26/dryrun-plots/synthetic-monitor-tree/phoenix/rep3/flux,0.7088244879245758,131,9.428434,0.6846903264522552,False,"benchmark-user sdiag row, attributed by UID; valid for every backend including HyperQueue, Flux, and local"
phoenix,3,hyperqueue,/data/rcadmins/tianche5/wms-paper-chain/bench-WORKS26/dryrun-plots/synthetic-monitor-tree/phoenix/rep3/hyperqueue,-6.266779369778103e-05,0,0.0,0.973487019472652,False,"benchmark-user sdiag row, attributed by UID; valid for every backend including HyperQueue, Flux, and local"
phoenix,3,hyperqueue,/data/rcadmins/tianche5/wms-paper-chain/bench-WORKS26/dryrun-plots/synthetic-monitor-tree/phoenix/rep3/hyperqueue,0.08319701949755351,20,0.290506,0.973487019472652,False,"benchmark-user sdiag row, attributed by UID; valid for every backend including HyperQueue, Flux, and local"
phoenix,3,hyperqueue,/data/rcadmins/tianche5/wms-paper-chain/bench-WORKS26/dryrun-plots/synthetic-monitor-tree/phoenix/rep3/hyperqueue,0.16653035283088685,41,0.346203,0.973487019472652,False,"benchmark-user sdiag row, attributed by UID; valid for every backend including HyperQueue, Flux, and local"
phoenix,3,hyperqueue,/data/rcadmins/tianche5/wms-paper-chain/bench-WORKS26/dryrun-plots/synthetic-monitor-tree/phoenix/rep3/hyperqueue,0.25014146394199793,44,0.358321,0.973487019472652,False,"benchmark-user sdiag row, attributed by UID; valid for every backend including HyperQueue, Flux, and local"
phoenix,3,hyperqueue,/data/rcadmins/tianche5/wms-paper-chain/bench-WORKS26/dryrun-plots/synthetic-monitor-tree/phoenix/rep3/hyperqueue,0.3334747972753313,44,0.358321,0.973487019472652,False,"benchmark-user sdiag row, attributed by UID; valid for every backend including HyperQueue, Flux, and local"
phoenix,3,hyperqueue,/data/rcadmins/tianche5/wms-paper-chain/bench-WORKS26/dryrun-plots/synthetic-monitor-tree/phoenix/rep3/hyperqueue,0.4168081306086646,44,0.358321,0.973487019472652,False,"benchmark-user sdiag row, attributed by UID; valid for every backend including HyperQueue, Flux, and local"
phoenix,3,hyperqueue,/data/rcadmins/tianche5/wms-paper-chain/bench-WORKS26/dryrun-plots/synthetic-monitor-tree/phoenix/rep3/hyperqueue,0.500141463941998,44,0.358321,0.973487019472652,False,"benchmark-user sdiag row, attributed by UID; valid for every backend including HyperQueue, Flux, and local"
phoenix,3,hyperqueue,/data/rcadmins/tianche5/wms-paper-chain/bench-WORKS26/dryrun-plots/synthetic-monitor-tree/phoenix/rep3/hyperqueue,0.5834747972753312,72,1.13676,0.973487019472652,False,"benchmark-user sdiag row, attributed by UID; valid for every backend including HyperQueue, Flux, and local"
phoenix,3,hyperqueue,/data/rcadmins/tianche5/wms-paper-chain/bench-WORKS26/dryrun-plots/synthetic-monitor-tree/phoenix/rep3/hyperqueue,0.6670859083864424,72,1.13676,0.973487019472652,False,"benchmark-user sdiag row, attributed by UID; valid for every backend including HyperQueue, Flux, and local"
phoenix,3,hyperqueue,/data/rcadmins/tianche5/wms-paper-chain/bench-WORKS26/dryrun-plots/synthetic-monitor-tree/phoenix/rep3/hyperqueue,0.7504192417197757,144,20.130165,0.973487019472652,False,"benchmark-user sdiag row, attributed by UID; valid for every backend including HyperQueue, Flux, and local"
phoenix,3,hyperqueue,/data/rcadmins/tianche5/wms-paper-chain/bench-WORKS26/dryrun-plots/synthetic-monitor-tree/phoenix/rep3/hyperqueue,0.8337525750531091,170,29.69545,0.973487019472652,False,"benchmark-user sdiag row, attributed by UID; valid for every backend including HyperQueue, Flux, and local"
phoenix,3,hyperqueue,/data/rcadmins/tianche5/wms-paper-chain/bench-WORKS26/dryrun-plots/synthetic-monitor-tree/phoenix/rep3/hyperqueue,0.9173636861642201,170,29.69545,0.973487019472652,False,"benchmark-user sdiag row, attributed by UID; valid for every backend including HyperQueue, Flux, and local"
phoenix,3,hyperqueue,/data/rcadmins/tianche5/wms-paper-chain/bench-WORKS26/dryrun-plots/synthetic-monitor-tree/phoenix/rep3/hyperqueue,0.9937719796101252,199,29.716356,0.973487019472652,False,"benchmark-user sdiag row, attributed by UID; valid for every backend including HyperQueue, Flux, and local"
phoenix,3,jobarray,/data/rcadmins/tianche5/wms-paper-chain/bench-WORKS26/dryrun-plots/synthetic-monitor-tree/phoenix/rep3/jobarray,-2.2583802541097004e-05,0,0.0,0.4888981023099687,False,"benchmark-user sdiag row, attributed by UID; valid for every backend including HyperQueue, Flux, and local"
phoenix,3,jobarray,/data/rcadmins/tianche5/wms-paper-chain/bench-WORKS26/dryrun-plots/synthetic-monitor-tree/phoenix/rep3/jobarray,0.08309893561734094,35,2.86186,0.4888981023099687,False,"benchmark-user sdiag row, attributed by UID; valid for every backend including HyperQueue, Flux, and local"
phoenix,3,jobarray,/data/rcadmins/tianche5/wms-paper-chain/bench-WORKS26/dryrun-plots/synthetic-monitor-tree/phoenix/rep3/jobarray,0.16671004672845205,50,4.809071,0.4888981023099687,False,"benchmark-user sdiag row, attributed by UID; valid for every backend including HyperQueue, Flux, and local"
phoenix,3,jobarray,/data/rcadmins/tianche5/wms-paper-chain/bench-WORKS26/dryrun-plots/synthetic-monitor-tree/phoenix/rep3/jobarray,0.2505989356173409,258,42.731299,0.4888981023099687,False,"benchmark-user sdiag row, attributed by UID; valid for every backend including HyperQueue, Flux, and local"
phoenix,3,jobarray,/data/rcadmins/tianche5/wms-paper-chain/bench-WORKS26/dryrun-plots/synthetic-monitor-tree/phoenix/rep3/jobarray,0.3339322689506743,422,59.091193,0.4888981023099687,False,"benchmark-user sdiag row, attributed by UID; valid for every backend including HyperQueue, Flux, and local"
phoenix,3,jobarray,/data/rcadmins/tianche5/wms-paper-chain/bench-WORKS26/dryrun-plots/synthetic-monitor-tree/phoenix/rep3/jobarray,0.4172656022840076,438,61.854841,0.4888981023099687,False,"benchmark-user sdiag row, attributed by UID; valid for every backend including HyperQueue, Flux, and local"
phoenix,3,jobarray,/data/rcadmins/tianche5/wms-paper-chain/bench-WORKS26/dryrun-plots/synthetic-monitor-tree/phoenix/rep3/jobarray,0.5089229644007153,545,75.978268,0.4888981023099687,False,"benchmark-user sdiag row, attributed by UID; valid for every backend including HyperQueue, Flux, and local"
phoenix,3,native,/data/rcadmins/tianche5/wms-paper-chain/bench-WORKS26/dryrun-plots/synthetic-monitor-tree/phoenix/rep3/native,-8.315649297502305e-05,0,0.0,1.0436768050326242,False,"benchmark-user sdiag row, attributed by UID; valid for every backend including HyperQueue, Flux, and local"
phoenix,3,native,/data/rcadmins/tianche5/wms-paper-chain/bench-WORKS26/dryrun-plots/synthetic-monitor-tree/phoenix/rep3/native,0.0832718050479889,382,45.00164,1.0436768050326242,False,"benchmark-user sdiag row, attributed by UID; valid for every backend including HyperQueue, Flux, and local"
phoenix,3,native,/data/rcadmins/tianche5/wms-paper-chain/bench-WORKS26/dryrun-plots/synthetic-monitor-tree/phoenix/rep3/native,0.16660513838132224,889,108.479302,1.0436768050326242,False,"benchmark-user sdiag row, attributed by UID; valid for every backend including HyperQueue, Flux, and local"
phoenix,3,native,/data/rcadmins/tianche5/wms-paper-chain/bench-WORKS26/dryrun-plots/synthetic-monitor-tree/phoenix/rep3/native,0.24993847171465555,1397,178.083532,1.0436768050326242,False,"benchmark-user sdiag row, attributed by UID; valid for every backend including HyperQueue, Flux, and local"
phoenix,3,native,/data/rcadmins/tianche5/wms-paper-chain/bench-WORKS26/dryrun-plots/synthetic-monitor-tree/phoenix/rep3/native,0.3335495828257667,1905,244.007171,1.0436768050326242,False,"benchmark-user sdiag row, attributed by UID; valid for every backend including HyperQueue, Flux, and local"
phoenix,3,native,/data/rcadmins/tianche5/wms-paper-chain/bench-WORKS26/dryrun-plots/synthetic-monitor-tree/phoenix/rep3/native,0.4168829161591,2414,313.975265,1.0436768050326242,False,"benchmark-user sdiag row, attributed by UID; valid for every backend including HyperQueue, Flux, and local"
phoenix,3,native,/data/rcadmins/tianche5/wms-paper-chain/bench-WORKS26/dryrun-plots/synthetic-monitor-tree/phoenix/rep3/native,0.5002162494924334,2907,394.981018,1.0436768050326242,False,"benchmark-user sdiag row, attributed by UID; valid for every backend including HyperQueue, Flux, and local"
phoenix,3,native,/data/rcadmins/tianche5/wms-paper-chain/bench-WORKS26/dryrun-plots/synthetic-monitor-tree/phoenix/rep3/native,0.5838273606035445,3414,463.898672,1.0436768050326242,False,"benchmark-user sdiag row, attributed by UID; valid for every backend including HyperQueue, Flux, and local"
phoenix,3,native,/data/rcadmins/tianche5/wms-paper-chain/bench-WORKS26/dryrun-plots/synthetic-monitor-tree/phoenix/rep3/native,0.6671606939368778,3915,545.366456,1.0436768050326242,False,"benchmark-user sdiag row, attributed by UID; valid for every backend including HyperQueue, Flux, and local"
phoenix,3,native,/data/rcadmins/tianche5/wms-paper-chain/bench-WORKS26/dryrun-plots/synthetic-monitor-tree/phoenix/rep3/native,0.7504940272702111,4424,613.614176,1.0436768050326242,False,"benchmark-user sdiag row, attributed by UID; valid for every backend including HyperQueue, Flux, and local"
phoenix,3,native,/data/rcadmins/tianche5/wms-paper-chain/bench-WORKS26/dryrun-plots/synthetic-monitor-tree/phoenix/rep3/native,0.8341051383813223,4932,694.154081,1.0436768050326242,False,"benchmark-user sdiag row, attributed by UID; valid for every backend including HyperQueue, Flux, and local"
phoenix,3,native,/data/rcadmins/tianche5/wms-paper-chain/bench-WORKS26/dryrun-plots/synthetic-monitor-tree/phoenix/rep3/native,0.9174384717146555,4995,703.959534,1.0436768050326242,False,"benchmark-user sdiag row, attributed by UID; valid for every backend including HyperQueue, Flux, and local"
phoenix,3,native,/data/rcadmins/tianche5/wms-paper-chain/bench-WORKS26/dryrun-plots/synthetic-monitor-tree/phoenix/rep3/native,1.0007718050479888,5010,703.986656,1.0436768050326242,False,"benchmark-user sdiag row, attributed by UID; valid for every backend including HyperQueue, Flux, and local"
phoenix,3,native,/data/rcadmins/tianche5/wms-paper-chain/bench-WORKS26/dryrun-plots/synthetic-monitor-tree/phoenix/rep3/native,1.0594045521815618,5114,717.848771,1.0436768050326242,False,"benchmark-user sdiag row, attributed by UID; valid for every backend including HyperQueue, Flux, and local"
