venue,cluster,replicate,backend,order_in_replicate,run_dir,run_mode,status,censored,censor_reason,pipeline_exit_code,benchmark_user,observer_user,container_digest,pipeline,nf_profile,pipeline_revision,params_sha256,pipeline_env_sha256,common_config_sha256,stage_config_sha256,slurm_policy_config_sha256,trace_config_sha256,input_manifest_sha256,pipeline_source_manifest_sha256,backend_config_sha256,node_cpus,bulk_nodes,array_size,hq_workers,flux_nodes,physical_node_cpus,allocation_cpus,local_cpus,node_memory,physical_node_memory,account,partition,qos,node_constraint,fairshare_reset_scope,fairshare_hierarchy,controller_env_sha256,sbatch_script_sha256,sbatch_script,release_settle_s,cap_seconds,validation_command,validation_sha256,trace_timezone,allowed_process_regex,post_endpoint_process_regex,t0_epoch,main_job_id,main_job_submit_epoch,main_job_start_epoch,main_job_end_epoch,main_job_state,monitor_end_epoch,endpoint_process,endpoint_task_count,completed_endpoint_tasks,endpoint_first_start_epoch,endpoint_latest_complete_epoch,endpoint_logical_key_column,trace_processes,trace_post_endpoint_processes,trace_post_endpoint_attempt_count,trace_sha256,trace_source_path,trace_process_set_valid,trace_attempt_count,trace_noncompleted_attempt_count,trace_retry_fraction,trace_status_counts,trace_unparseable_native_ids,trace_first_submit_epoch,trace_first_start_epoch,walltime_s,walltime_h,first_task_start_delay_s,first_task_start_delay_h,first_task_to_endpoint_s,allocation_wait_s,main_job_runtime_s,endpoint_to_job_end_s,validation_exit_code,validation_artifact,validation_stderr,validation_rc_artifact,validation_in_endpoint_walltime,rpc_boundary_lag_s,rpc_window_s,endpoint_stop_epoch,endpoint_stop_lag_s,sdiag_data_since,benchmark_rpc_count,benchmark_rpc_processing_s,benchmark_rpc_count_per_1000_endpoint_tasks,benchmark_rpc_processing_s_per_1000_endpoint_tasks,observer_rpc_count,observer_rpc_processing_s,observer_rpc_interpretation,sdiag_sampler_interval_s,direct_slurm_submission_group_count,enclosing_main_job_id,slurm_task_visibility_fraction,native_id_interpretation,lifecycle_source,valid
dev,dev,1,native,1,bench-WORKS26/dryrun-plots/synthetic-monitor-tree/dev/rep1/native,automated,complete,False,,0,benchuser,root,sha256:bbbbbbbbbbbbbbbbbbbbbbbbbbbbbbbbbbbbbbbbbbbbbbbbbbbbbbbbbbbbbbbb,make_lastz_chains,apptainer,v3.0.0-rc1,aaaaaaaaaaaaaaaaaaaaaaaaaaaaaaaaaaaaaaaaaaaaaaaaaaaaaaaaaaaaaaaa,aaaaaaaaaaaaaaaaaaaaaaaaaaaaaaaaaaaaaaaaaaaaaaaaaaaaaaaaaaaaaaaa,aaaaaaaaaaaaaaaaaaaaaaaaaaaaaaaaaaaaaaaaaaaaaaaaaaaaaaaaaaaaaaaa,aaaaaaaaaaaaaaaaaaaaaaaaaaaaaaaaaaaaaaaaaaaaaaaaaaaaaaaaaaaaaaaa,aaaaaaaaaaaaaaaaaaaaaaaaaaaaaaaaaaaaaaaaaaaaaaaaaaaaaaaaaaaaaaaa,aaaaaaaaaaaaaaaaaaaaaaaaaaaaaaaaaaaaaaaaaaaaaaaaaaaaaaaaaaaaaaaa,aaaaaaaaaaaaaaaaaaaaaaaaaaaaaaaaaaaaaaaaaaaaaaaaaaaaaaaaaaaaaaaa,aaaaaaaaaaaaaaaaaaaaaaaaaaaaaaaaaaaaaaaaaaaaaaaaaaaaaaaaaaaaaaaa,bef32d2c315a289576f2a6828d27edb16bb316a4d85c271f2d794045f3ea668d,48,4,500,4,4,48,48,48,180 GB,180 GB,works26,public,,intel8480,benchmark_user_association,none,aaaaaaaaaaaaaaaaaaaaaaaaaaaaaaaaaaaaaaaaaaaaaaaaaaaaaaaaaaaaaaaa,bef32d2c315a289576f2a6828d27edb16bb316a4d85c271f2d794045f3ea668d,/opt/works26/native.sbatch,30,28800,/opt/works26/validate.sh,aaaaaaaaaaaaaaaaaaaaaaaaaaaaaaaaaaaaaaaaaaaaaaaaaaaaaaaaaaaaaaaa,America/Phoenix,LASTZ,,1754300005.0,9910,1754300005.0,1754300245.0,1754311594.7431436,COMPLETED,1754311632.7431436,LASTZ,40,40,1754300379.58,1754311549.743,name,LASTZ,,0,0a4f42a6742ab43fa2fcb0c0038b191f685dee58f13bca3cbd5b5193f7e8a9be,/pipeline/dev/rep1/native/trace/trace.txt,True,44,4,0.09090909090909091,COMPLETED=40;FAILED=4,0,1754300298.832,1754300379.58,11544.743000030518,3.206873055564033,374.57999992370605,0.10404999997880723,11170.163000106812,240.0,11349.743143558502,45.00014352798462,0,bench-WORKS26/dryrun-plots/synthetic-monitor-tree/dev/rep1/native/validation.stdout,bench-WORKS26/dryrun-plots/synthetic-monitor-tree/dev/rep1/native/validation.stderr,bench-WORKS26/dryrun-plots/synthetic-monitor-tree/dev/rep1/native/validation.rc,False,80.00014352798462,11629.743143558502,,0.0,Mon Aug 04 17:00:00 2026,1216,973.077028,30400.0,24326.9257,40,0.016,"root observer/monitoring RPC delta; measurement overhead control, not benchmark-user RPC stress",300,44,,1.0,trace native_id parsed as Slurm task/array IDs,root collector plus in-job handoff artifacts,True
dev,dev,1,jobarray,2,bench-WORKS26/dryrun-plots/synthetic-monitor-tree/dev/rep1/jobarray,automated,complete,False,,0,benchuser,root,sha256:bbbbbbbbbbbbbbbbbbbbbbbbbbbbbbbbbbbbbbbbbbbbbbbbbbbbbbbbbbbbbbbb,make_lastz_chains,apptainer,v3.0.0-rc1,aaaaaaaaaaaaaaaaaaaaaaaaaaaaaaaaaaaaaaaaaaaaaaaaaaaaaaaaaaaaaaaa,aaaaaaaaaaaaaaaaaaaaaaaaaaaaaaaaaaaaaaaaaaaaaaaaaaaaaaaaaaaaaaaa,aaaaaaaaaaaaaaaaaaaaaaaaaaaaaaaaaaaaaaaaaaaaaaaaaaaaaaaaaaaaaaaa,aaaaaaaaaaaaaaaaaaaaaaaaaaaaaaaaaaaaaaaaaaaaaaaaaaaaaaaaaaaaaaaa,aaaaaaaaaaaaaaaaaaaaaaaaaaaaaaaaaaaaaaaaaaaaaaaaaaaaaaaaaaaaaaaa,aaaaaaaaaaaaaaaaaaaaaaaaaaaaaaaaaaaaaaaaaaaaaaaaaaaaaaaaaaaaaaaa,aaaaaaaaaaaaaaaaaaaaaaaaaaaaaaaaaaaaaaaaaaaaaaaaaaaaaaaaaaaaaaaa,aaaaaaaaaaaaaaaaaaaaaaaaaaaaaaaaaaaaaaaaaaaaaaaaaaaaaaaaaaaaaaaa,afb02eb6dab4a46e90f0be105528c0f0622150660ea62e5a11b89af4fa6cac65,48,4,500,4,4,48,48,48,180 GB,180 GB,works26,public,,intel8480,benchmark_user_association,none,aaaaaaaaaaaaaaaaaaaaaaaaaaaaaaaaaaaaaaaaaaaaaaaaaaaaaaaaaaaaaaaa,afb02eb6dab4a46e90f0be105528c0f0622150660ea62e5a11b89af4fa6cac65,/opt/works26/jobarray.sbatch,30,28800,/opt/works26/validate.sh,aaaaaaaaaaaaaaaaaaaaaaaaaaaaaaaaaaaaaaaaaaaaaaaaaaaaaaaaaaaaaaaa,America/Phoenix,LASTZ,,1754312237.7431436,9911,1754312237.7431436,1754312477.7431436,1754321090.2692165,COMPLETED,1754321128.2692165,LASTZ,40,40,1754312579.737,1754321045.269,name,LASTZ,,0,3011fc689264707675c138dbedbfe9677b3f59dd018dc6f893fd414bd8836732,/pipeline/dev/rep1/jobarray/trace/trace.txt,True,44,4,0.09090909090909091,COMPLETED=40;FAILED=4,0,1754312518.54,1754312579.737,8807.525856494904,2.4465349601374733,341.9938564300537,0.0949982934527927,8465.53200006485,240.0,8612.526072978973,45.000216484069824,0,bench-WORKS26/dryrun-plots/synthetic-monitor-tree/dev/rep1/jobarray/validation.stdout,bench-WORKS26/dryrun-plots/synthetic-monitor-tree/dev/rep1/jobarray/validation.stderr,bench-WORKS26/dryrun-plots/synthetic-monitor-tree/dev/rep1/jobarray/validation.rc,False,80.00021648406982,8892.526072978973,,0.0,Mon Aug 04 17:00:00 2026,326,260.817346,8150.0,6520.43365,31,0.0124,"root observer/monitoring RPC delta; measurement overhead control, not benchmark-user RPC stress",300,44,,1.0,trace native_id parsed as Slurm task/array IDs,root collector plus in-job handoff artifacts,True
dev,dev,1,hyperqueue,3,bench-WORKS26/dryrun-plots/synthetic-monitor-tree/dev/rep1/hyperqueue,automated,complete,False,,0,benchuser,root,sha256:bbbbbbbbbbbbbbbbbbbbbbbbbbbbbbbbbbbbbbbbbbbbbbbbbbbbbbbbbbbbbbbb,make_lastz_chains,apptainer,v3.0.0-rc1,aaaaaaaaaaaaaaaaaaaaaaaaaaaaaaaaaaaaaaaaaaaaaaaaaaaaaaaaaaaaaaaa,aaaaaaaaaaaaaaaaaaaaaaaaaaaaaaaaaaaaaaaaaaaaaaaaaaaaaaaaaaaaaaaa,aaaaaaaaaaaaaaaaaaaaaaaaaaaaaaaaaaaaaaaaaaaaaaaaaaaaaaaaaaaaaaaa,aaaaaaaaaaaaaaaaaaaaaaaaaaaaaaaaaaaaaaaaaaaaaaaaaaaaaaaaaaaaaaaa,aaaaaaaaaaaaaaaaaaaaaaaaaaaaaaaaaaaaaaaaaaaaaaaaaaaaaaaaaaaaaaaa,aaaaaaaaaaaaaaaaaaaaaaaaaaaaaaaaaaaaaaaaaaaaaaaaaaaaaaaaaaaaaaaa,aaaaaaaaaaaaaaaaaaaaaaaaaaaaaaaaaaaaaaaaaaaaaaaaaaaaaaaaaaaaaaaa,aaaaaaaaaaaaaaaaaaaaaaaaaaaaaaaaaaaaaaaaaaaaaaaaaaaaaaaaaaaaaaaa,8aaadb7a52874455517432de3aebf7554d6a45fe697c382a06c2fc42d69ecff6,48,4,500,4,4,48,48,48,180 GB,180 GB,works26,public,,intel8480,benchmark_user_association,none,aaaaaaaaaaaaaaaaaaaaaaaaaaaaaaaaaaaaaaaaaaaaaaaaaaaaaaaaaaaaaaaa,8aaadb7a52874455517432de3aebf7554d6a45fe697c382a06c2fc42d69ecff6,/opt/works26/hyperqueue.sbatch,30,28800,/opt/works26/validate.sh,aaaaaaaaaaaaaaaaaaaaaaaaaaaaaaaaaaaaaaaaaaaaaaaaaaaaaaaaaaaaaaaa,America/Phoenix,LASTZ,,1754321733.2692165,9912,1754321733.2692165,1754321973.2692165,1754329275.7328756,COMPLETED,1754329313.7328756,LASTZ,40,40,1754322059.667,1754329230.732,name,LASTZ,,0,80bf561cdfb5f44a29b165ef38f3282afa9401406849c9fd8937ba6176bc6d73,/pipeline/dev/rep1/hyperqueue/trace/trace.txt,True,44,4,0.09090909090909091,COMPLETED=40;FAILED=4,0,1754322007.828,1754322059.667,7497.462783575058,2.0826285509930718,326.3977835178375,0.09066605097717709,7171.0650000572205,240.0,7302.46365904808,45.00087547302246,0,bench-WORKS26/dryrun-plots/synthetic-monitor-tree/dev/rep1/hyperqueue/validation.stdout,bench-WORKS26/dryrun-plots/synthetic-monitor-tree/dev/rep1/hyperqueue/validation.stderr,bench-WORKS26/dryrun-plots/synthetic-monitor-tree/dev/rep1/hyperqueue/validation.rc,False,80.00087547302246,7582.46365904808,,0.0,Mon Aug 04 17:00:00 2026,74,59.409837,1850.0,1485.245925,26,0.0104,"root observer/monitoring RPC delta; measurement overhead control, not benchmark-user RPC stress",300,,9912,0.0,inner native_id is not interpreted as a Slurm job ID,root collector plus in-job handoff artifacts,True
dev,dev,1,flux,4,bench-WORKS26/dryrun-plots/synthetic-monitor-tree/dev/rep1/flux,automated,complete,False,,0,benchuser,root,sha256:bbbbbbbbbbbbbbbbbbbbbbbbbbbbbbbbbbbbbbbbbbbbbbbbbbbbbbbbbbbbbbbb,make_lastz_chains,apptainer,v3.0.0-rc1,aaaaaaaaaaaaaaaaaaaaaaaaaaaaaaaaaaaaaaaaaaaaaaaaaaaaaaaaaaaaaaaa,aaaaaaaaaaaaaaaaaaaaaaaaaaaaaaaaaaaaaaaaaaaaaaaaaaaaaaaaaaaaaaaa,aaaaaaaaaaaaaaaaaaaaaaaaaaaaaaaaaaaaaaaaaaaaaaaaaaaaaaaaaaaaaaaa,aaaaaaaaaaaaaaaaaaaaaaaaaaaaaaaaaaaaaaaaaaaaaaaaaaaaaaaaaaaaaaaa,aaaaaaaaaaaaaaaaaaaaaaaaaaaaaaaaaaaaaaaaaaaaaaaaaaaaaaaaaaaaaaaa,aaaaaaaaaaaaaaaaaaaaaaaaaaaaaaaaaaaaaaaaaaaaaaaaaaaaaaaaaaaaaaaa,aaaaaaaaaaaaaaaaaaaaaaaaaaaaaaaaaaaaaaaaaaaaaaaaaaaaaaaaaaaaaaaa,aaaaaaaaaaaaaaaaaaaaaaaaaaaaaaaaaaaaaaaaaaaaaaaaaaaaaaaaaaaaaaaa,a2e10207c7be30e1d07b0b7e353ecc1a1364f39057e1acedd3f76c5d2ceed180,48,4,500,4,4,48,48,48,180 GB,180 GB,works26,public,,intel8480,benchmark_user_association,none,aaaaaaaaaaaaaaaaaaaaaaaaaaaaaaaaaaaaaaaaaaaaaaaaaaaaaaaaaaaaaaaa,a2e10207c7be30e1d07b0b7e353ecc1a1364f39057e1acedd3f76c5d2ceed180,/opt/works26/flux.sbatch,30,28800,/opt/works26/validate.sh,aaaaaaaaaaaaaaaaaaaaaaaaaaaaaaaaaaaaaaaaaaaaaaaaaaaaaaaaaaaaaaaa,America/Phoenix,LASTZ,,1754329918.7328756,9913,1754329918.7328756,1754330158.7328756,1754338312.305794,COMPLETED,1754338350.305794,LASTZ,40,40,1754330255.263,1754338267.305,name,LASTZ,,0,19d01a3ee145ece4d597b9b674d3814e01f36a789dea37fa10ff490373947cf8,/pipeline/dev/rep1/flux/trace/trace.txt,True,44,4,0.09090909090909091,COMPLETED=40;FAILED=4,0,1754330197.345,1754330255.263,8348.572124481201,2.319047812355889,336.53012442588806,0.09348059011830225,8012.042000055313,240.0,8153.57291841507,45.00079393386841,0,bench-WORKS26/dryrun-plots/synthetic-monitor-tree/dev/rep1/flux/validation.stdout,bench-WORKS26/dryrun-plots/synthetic-monitor-tree/dev/rep1/flux/validation.stderr,bench-WORKS26/dryrun-plots/synthetic-monitor-tree/dev/rep1/flux/validation.rc,False,80.00079393386841,8433.57291841507,,0.0,Mon Aug 04 17:00:00 2026,93,74.954174,2325.0,1873.85435,29,0.0116,"root observer/monitoring RPC delta; measurement overhead control, not benchmark-user RPC stress",300,,9913,0.0,inner native_id is not interpreted as a Slurm job ID,root collector plus in-job handoff artifacts,True
dev,dev,1,local,5,bench-WORKS26/dryrun-plots/synthetic-monitor-tree/dev/rep1/local,automated,complete,False,,0,benchuser,root,sha256:bbbbbbbbbbbbbbbbbbbbbbbbbbbbbbbbbbbbbbbbbbbbbbbbbbbbbbbbbbbbbbbb,make_lastz_chains,apptainer,v3.0.0-rc1,aaaaaaaaaaaaaaaaaaaaaaaaaaaaaaaaaaaaaaaaaaaaaaaaaaaaaaaaaaaaaaaa,aaaaaaaaaaaaaaaaaaaaaaaaaaaaaaaaaaaaaaaaaaaaaaaaaaaaaaaaaaaaaaaa,aaaaaaaaaaaaaaaaaaaaaaaaaaaaaaaaaaaaaaaaaaaaaaaaaaaaaaaaaaaaaaaa,aaaaaaaaaaaaaaaaaaaaaaaaaaaaaaaaaaaaaaaaaaaaaaaaaaaaaaaaaaaaaaaa,aaaaaaaaaaaaaaaaaaaaaaaaaaaaaaaaaaaaaaaaaaaaaaaaaaaaaaaaaaaaaaaa,aaaaaaaaaaaaaaaaaaaaaaaaaaaaaaaaaaaaaaaaaaaaaaaaaaaaaaaaaaaaaaaa,aaaaaaaaaaaaaaaaaaaaaaaaaaaaaaaaaaaaaaaaaaaaaaaaaaaaaaaaaaaaaaaa,aaaaaaaaaaaaaaaaaaaaaaaaaaaaaaaaaaaaaaaaaaaaaaaaaaaaaaaaaaaaaaaa,25bf8e1a2393f1108d37029b3df5593236c755742ec93465bbafa9b290bddcf6,48,4,500,4,4,48,48,48,180 GB,180 GB,works26,public,,intel8480,benchmark_user_association,none,aaaaaaaaaaaaaaaaaaaaaaaaaaaaaaaaaaaaaaaaaaaaaaaaaaaaaaaaaaaaaaaa,25bf8e1a2393f1108d37029b3df5593236c755742ec93465bbafa9b290bddcf6,/opt/works26/local.sbatch,30,28800,/opt/works26/validate.sh,aaaaaaaaaaaaaaaaaaaaaaaaaaaaaaaaaaaaaaaaaaaaaaaaaaaaaaaaaaaaaaaa,America/Phoenix,LASTZ,,1754338955.305794,9914,1754338955.305794,1754339195.305794,1754356835.3120623,COMPLETED,1754356873.3120623,LASTZ,40,40,1754339404.77,1754356790.312,name,LASTZ,,0,ae7c29d6192ced9d2ab8e5a03534cd6e8b545275fd497a4696ff40d7e6a3faae,/pipeline/dev/rep1/local/trace/trace.txt,True,44,4,0.09090909090909091,COMPLETED=40;FAILED=4,0,1754339279.091,1754339404.77,17835.006206035614,4.9541683905654486,449.4642059803009,0.12485116832786136,17385.542000055313,240.0,17640.006268262863,45.000062227249146,0,bench-WORKS26/dryrun-plots/synthetic-monitor-tree/dev/rep1/local/validation.stdout,bench-WORKS26/dryrun-plots/synthetic-monitor-tree/dev/rep1/local/validation.stderr,bench-WORKS26/dryrun-plots/synthetic-monitor-tree/dev/rep1/local/validation.rc,False,80.00006222724915,17920.006268262863,,0.0,Mon Aug 04 17:00:00 2026,25,20.310104,625.0,507.7526,61,0.0244,"root observer/monitoring RPC delta; measurement overhead control, not benchmark-user RPC stress",300,,9914,0.0,inner native_id is not interpreted as a Slurm job ID,root collector plus in-job handoff artifacts,True
phoenix,phoenix,1,native,1,bench-WORKS26/dryrun-plots/synthetic-monitor-tree/phoenix/rep1/native,automated,complete,False,,0,benchuser,root,sha256:bbbbbbbbbbbbbbbbbbbbbbbbbbbbbbbbbbbbbbbbbbbbbbbbbbbbbbbbbbbbbbbb,make_lastz_chains,apptainer,v3.0.0-rc1,aaaaaaaaaaaaaaaaaaaaaaaaaaaaaaaaaaaaaaaaaaaaaaaaaaaaaaaaaaaaaaaa,aaaaaaaaaaaaaaaaaaaaaaaaaaaaaaaaaaaaaaaaaaaaaaaaaaaaaaaaaaaaaaaa,aaaaaaaaaaaaaaaaaaaaaaaaaaaaaaaaaaaaaaaaaaaaaaaaaaaaaaaaaaaaaaaa,aaaaaaaaaaaaaaaaaaaaaaaaaaaaaaaaaaaaaaaaaaaaaaaaaaaaaaaaaaaaaaaa,aaaaaaaaaaaaaaaaaaaaaaaaaaaaaaaaaaaaaaaaaaaaaaaaaaaaaaaaaaaaaaaa,aaaaaaaaaaaaaaaaaaaaaaaaaaaaaaaaaaaaaaaaaaaaaaaaaaaaaaaaaaaaaaaa,aaaaaaaaaaaaaaaaaaaaaaaaaaaaaaaaaaaaaaaaaaaaaaaaaaaaaaaaaaaaaaaa,aaaaaaaaaaaaaaaaaaaaaaaaaaaaaaaaaaaaaaaaaaaaaaaaaaaaaaaaaaaaaaaa,bef32d2c315a289576f2a6828d27edb16bb316a4d85c271f2d794045f3ea668d,48,4,500,4,4,48,48,48,180 GB,180 GB,works26,public,,intel8480,benchmark_user_association,none,aaaaaaaaaaaaaaaaaaaaaaaaaaaaaaaaaaaaaaaaaaaaaaaaaaaaaaaaaaaaaaaa,bef32d2c315a289576f2a6828d27edb16bb316a4d85c271f2d794045f3ea668d,/opt/works26/native.sbatch,30,28800,/opt/works26/validate.sh,aaaaaaaaaaaaaaaaaaaaaaaaaaaaaaaaaaaaaaaaaaaaaaaaaaaaaaaaaaaaaaaa,America/Phoenix,LASTZ,,1754300005.0,9910,1754300005.0,1754300245.0,1754311466.1400414,COMPLETED,1754311504.1400414,LASTZ,40,40,1754300378.049,1754311421.14,name,LASTZ,,0,db604fa86a085eda5ee4828668d7cfec1704449bc0bf5485a884a29d33291269,/pipeline/phoenix/rep1/native/trace/trace.txt,True,44,4,0.09090909090909091,COMPLETED=40;FAILED=4,0,1754300298.219,1754300378.049,11416.140000104904,3.17115000002914,373.04900002479553,0.10362472222910987,11043.091000080109,240.0,11221.140041351318,45.000041246414185,0,bench-WORKS26/dryrun-plots/synthetic-monitor-tree/phoenix/rep1/native/validation.stdout,bench-WORKS26/dryrun-plots/synthetic-monitor-tree/phoenix/rep1/native/validation.stderr,bench-WORKS26/dryrun-plots/synthetic-monitor-tree/phoenix/rep1/native/validation.rc,False,80.00004124641418,11501.140041351318,,0.0,Mon Aug 04 17:00:00 2026,1191,952.991993,29775.0,23824.799825000002,40,0.016,"root observer/monitoring RPC delta; measurement overhead control, not benchmark-user RPC stress",300,44,,1.0,trace native_id parsed as Slurm task/array IDs,root collector plus in-job handoff artifacts,True
phoenix,phoenix,1,jobarray,2,bench-WORKS26/dryrun-plots/synthetic-monitor-tree/phoenix/rep1/jobarray,automated,complete,False,,0,benchuser,root,sha256:bbbbbbbbbbbbbbbbbbbbbbbbbbbbbbbbbbbbbbbbbbbbbbbbbbbbbbbbbbbbbbbb,make_lastz_chains,apptainer,v3.0.0-rc1,aaaaaaaaaaaaaaaaaaaaaaaaaaaaaaaaaaaaaaaaaaaaaaaaaaaaaaaaaaaaaaaa,aaaaaaaaaaaaaaaaaaaaaaaaaaaaaaaaaaaaaaaaaaaaaaaaaaaaaaaaaaaaaaaa,aaaaaaaaaaaaaaaaaaaaaaaaaaaaaaaaaaaaaaaaaaaaaaaaaaaaaaaaaaaaaaaa,aaaaaaaaaaaaaaaaaaaaaaaaaaaaaaaaaaaaaaaaaaaaaaaaaaaaaaaaaaaaaaaa,aaaaaaaaaaaaaaaaaaaaaaaaaaaaaaaaaaaaaaaaaaaaaaaaaaaaaaaaaaaaaaaa,aaaaaaaaaaaaaaaaaaaaaaaaaaaaaaaaaaaaaaaaaaaaaaaaaaaaaaaaaaaaaaaa,aaaaaaaaaaaaaaaaaaaaaaaaaaaaaaaaaaaaaaaaaaaaaaaaaaaaaaaaaaaaaaaa,aaaaaaaaaaaaaaaaaaaaaaaaaaaaaaaaaaaaaaaaaaaaaaaaaaaaaaaaaaaaaaaa,afb02eb6dab4a46e90f0be105528c0f0622150660ea62e5a11b89af4fa6cac65,48,4,500,4,4,48,48,48,180 GB,180 GB,works26,public,,intel8480,benchmark_user_association,none,aaaaaaaaaaaaaaaaaaaaaaaaaaaaaaaaaaaaaaaaaaaaaaaaaaaaaaaaaaaaaaaa,afb02eb6dab4a46e90f0be105528c0f0622150660ea62e5a11b89af4fa6cac65,/opt/works26/jobarray.sbatch,30,28800,/opt/works26/validate.sh,aaaaaaaaaaaaaaaaaaaaaaaaaaaaaaaaaaaaaaaaaaaaaaaaaaaaaaaaaaaaaaaa,America/Phoenix,LASTZ,,1754312109.1400414,9911,1754312109.1400414,1754312349.1400414,1754322092.2360566,COMPLETED,1754322130.2360566,LASTZ,40,40,1754312464.593,1754322047.236,name,LASTZ,,0,fd4794de635dca4b493a193a963cb22f1b7bf524d04f486f301248064dab0107,/pipeline/phoenix/rep1/jobarray/trace/trace.txt,True,44,4,0.09090909090909091,COMPLETED=40;FAILED=4,0,1754312395.321,1754312464.593,9938.095958709717,2.760582210752699,355.4529585838318,0.09873693293995327,9582.643000125885,240.0,9743.09601521492,45.00005650520325,0,bench-WORKS26/dryrun-plots/synthetic-monitor-tree/phoenix/rep1/jobarray/validation.stdout,bench-WORKS26/dryrun-plots/synthetic-monitor-tree/phoenix/rep1/jobarray/validation.stderr,bench-WORKS26/dryrun-plots/synthetic-monitor-tree/phoenix/rep1/jobarray/validation.rc,False,80.00005650520325,10023.09601521492,,0.0,Mon Aug 04 17:00:00 2026,305,244.733337,7625.0,6118.333425,35,0.014,"root observer/monitoring RPC delta; measurement overhead control, not benchmark-user RPC stress",300,44,,1.0,trace native_id parsed as Slurm task/array IDs,root collector plus in-job handoff artifacts,True
phoenix,phoenix,1,hyperqueue,3,bench-WORKS26/dryrun-plots/synthetic-monitor-tree/phoenix/rep1/hyperqueue,automated,complete,False,,0,benchuser,root,sha256:bbbbbbbbbbbbbbbbbbbbbbbbbbbbbbbbbbbbbbbbbbbbbbbbbbbbbbbbbbbbbbbb,make_lastz_chains,apptainer,v3.0.0-rc1,aaaaaaaaaaaaaaaaaaaaaaaaaaaaaaaaaaaaaaaaaaaaaaaaaaaaaaaaaaaaaaaa,aaaaaaaaaaaaaaaaaaaaaaaaaaaaaaaaaaaaaaaaaaaaaaaaaaaaaaaaaaaaaaaa,aaaaaaaaaaaaaaaaaaaaaaaaaaaaaaaaaaaaaaaaaaaaaaaaaaaaaaaaaaaaaaaa,aaaaaaaaaaaaaaaaaaaaaaaaaaaaaaaaaaaaaaaaaaaaaaaaaaaaaaaaaaaaaaaa,aaaaaaaaaaaaaaaaaaaaaaaaaaaaaaaaaaaaaaaaaaaaaaaaaaaaaaaaaaaaaaaa,aaaaaaaaaaaaaaaaaaaaaaaaaaaaaaaaaaaaaaaaaaaaaaaaaaaaaaaaaaaaaaaa,aaaaaaaaaaaaaaaaaaaaaaaaaaaaaaaaaaaaaaaaaaaaaaaaaaaaaaaaaaaaaaaa,aaaaaaaaaaaaaaaaaaaaaaaaaaaaaaaaaaaaaaaaaaaaaaaaaaaaaaaaaaaaaaaa,8aaadb7a52874455517432de3aebf7554d6a45fe697c382a06c2fc42d69ecff6,48,4,500,4,4,48,48,48,180 GB,180 GB,works26,public,,intel8480,benchmark_user_association,none,aaaaaaaaaaaaaaaaaaaaaaaaaaaaaaaaaaaaaaaaaaaaaaaaaaaaaaaaaaaaaaaa,8aaadb7a52874455517432de3aebf7554d6a45fe697c382a06c2fc42d69ecff6,/opt/works26/hyperqueue.sbatch,30,28800,/opt/works26/validate.sh,aaaaaaaaaaaaaaaaaaaaaaaaaaaaaaaaaaaaaaaaaaaaaaaaaaaaaaaaaaaaaaaa,America/Phoenix,LASTZ,,1754322735.2360566,9912,1754322735.2360566,1754322975.2360566,1754330093.459636,COMPLETED,1754330131.459636,LASTZ,40,40,1754323059.441,1754330048.459,name,LASTZ,,0,683a23364ce1e07b838f6a7dfa618ef4e0f3c33c9695272b0f7726c45a80526b,/pipeline/phoenix/rep1/hyperqueue/trace/trace.txt,True,44,4,0.09090909090909091,COMPLETED=40;FAILED=4,0,1754323008.918,1754323059.441,7313.222943544388,2.0314508176512187,324.2049434185028,0.09005692872736189,6989.018000125885,240.0,7118.223579406738,45.000635862350464,0,bench-WORKS26/dryrun-plots/synthetic-monitor-tree/phoenix/rep1/hyperqueue/validation.stdout,bench-WORKS26/dryrun-plots/synthetic-monitor-tree/phoenix/rep1/hyperqueue/validation.stderr,bench-WORKS26/dryrun-plots/synthetic-monitor-tree/phoenix/rep1/hyperqueue/validation.rc,False,80.00063586235046,7398.223579406738,,0.0,Mon Aug 04 17:00:00 2026,75,60.784398,1875.0,1519.60995,26,0.0104,"root observer/monitoring RPC delta; measurement overhead control, not benchmark-user RPC stress",300,,9912,0.0,inner native_id is not interpreted as a Slurm job ID,root collector plus in-job handoff artifacts,True
phoenix,phoenix,1,flux,4,bench-WORKS26/dryrun-plots/synthetic-monitor-tree/phoenix/rep1/flux,automated,complete,False,,0,benchuser,root,sha256:bbbbbbbbbbbbbbbbbbbbbbbbbbbbbbbbbbbbbbbbbbbbbbbbbbbbbbbbbbbbbbbb,make_lastz_chains,apptainer,v3.0.0-rc1,aaaaaaaaaaaaaaaaaaaaaaaaaaaaaaaaaaaaaaaaaaaaaaaaaaaaaaaaaaaaaaaa,aaaaaaaaaaaaaaaaaaaaaaaaaaaaaaaaaaaaaaaaaaaaaaaaaaaaaaaaaaaaaaaa,aaaaaaaaaaaaaaaaaaaaaaaaaaaaaaaaaaaaaaaaaaaaaaaaaaaaaaaaaaaaaaaa,aaaaaaaaaaaaaaaaaaaaaaaaaaaaaaaaaaaaaaaaaaaaaaaaaaaaaaaaaaaaaaaa,aaaaaaaaaaaaaaaaaaaaaaaaaaaaaaaaaaaaaaaaaaaaaaaaaaaaaaaaaaaaaaaa,aaaaaaaaaaaaaaaaaaaaaaaaaaaaaaaaaaaaaaaaaaaaaaaaaaaaaaaaaaaaaaaa,aaaaaaaaaaaaaaaaaaaaaaaaaaaaaaaaaaaaaaaaaaaaaaaaaaaaaaaaaaaaaaaa,aaaaaaaaaaaaaaaaaaaaaaaaaaaaaaaaaaaaaaaaaaaaaaaaaaaaaaaaaaaaaaaa,a2e10207c7be30e1d07b0b7e353ecc1a1364f39057e1acedd3f76c5d2ceed180,48,4,500,4,4,48,48,48,180 GB,180 GB,works26,public,,intel8480,benchmark_user_association,none,aaaaaaaaaaaaaaaaaaaaaaaaaaaaaaaaaaaaaaaaaaaaaaaaaaaaaaaaaaaaaaaa,a2e10207c7be30e1d07b0b7e353ecc1a1364f39057e1acedd3f76c5d2ceed180,/opt/works26/flux.sbatch,30,28800,/opt/works26/validate.sh,aaaaaaaaaaaaaaaaaaaaaaaaaaaaaaaaaaaaaaaaaaaaaaaaaaaaaaaaaaaaaaaa,America/Phoenix,LASTZ,,1754330736.459636,9913,1754330736.459636,1754330976.459636,1754339032.0012262,COMPLETED,1754339070.0012262,LASTZ,40,40,1754331071.823,1754338987.001,name,LASTZ,,0,2e643e6035efd9572a91462bfbcd89e4cd7fa0728294b3e405bc0dba303927cd,/pipeline/phoenix/rep1/flux/trace/trace.txt,True,44,4,0.09090909090909091,COMPLETED=40;FAILED=4,0,1754331014.605,1754331071.823,8250.541363954544,2.291817045542929,335.36336398124695,0.09315648999479081,7915.177999973297,240.0,8055.541590213776,45.00022625923157,0,bench-WORKS26/dryrun-plots/synthetic-monitor-tree/phoenix/rep1/flux/validation.stdout,bench-WORKS26/dryrun-plots/synthetic-monitor-tree/phoenix/rep1/flux/validation.stderr,bench-WORKS26/dryrun-plots/synthetic-monitor-tree/phoenix/rep1/flux/validation.rc,False,80.00022625923157,8335.541590213776,,0.0,Mon Aug 04 17:00:00 2026,91,73.598845,2275.0,1839.971125,29,0.0116,"root observer/monitoring RPC delta; measurement overhead control, not benchmark-user RPC stress",300,,9913,0.0,inner native_id is not interpreted as a Slurm job ID,root collector plus in-job handoff artifacts,True
phoenix,phoenix,1,local,5,bench-WORKS26/dryrun-plots/synthetic-monitor-tree/phoenix/rep1/local,automated,complete,False,,0,benchuser,root,sha256:bbbbbbbbbbbbbbbbbbbbbbbbbbbbbbbbbbbbbbbbbbbbbbbbbbbbbbbbbbbbbbbb,make_lastz_chains,apptainer,v3.0.0-rc1,aaaaaaaaaaaaaaaaaaaaaaaaaaaaaaaaaaaaaaaaaaaaaaaaaaaaaaaaaaaaaaaa,aaaaaaaaaaaaaaaaaaaaaaaaaaaaaaaaaaaaaaaaaaaaaaaaaaaaaaaaaaaaaaaa,aaaaaaaaaaaaaaaaaaaaaaaaaaaaaaaaaaaaaaaaaaaaaaaaaaaaaaaaaaaaaaaa,aaaaaaaaaaaaaaaaaaaaaaaaaaaaaaaaaaaaaaaaaaaaaaaaaaaaaaaaaaaaaaaa,aaaaaaaaaaaaaaaaaaaaaaaaaaaaaaaaaaaaaaaaaaaaaaaaaaaaaaaaaaaaaaaa,aaaaaaaaaaaaaaaaaaaaaaaaaaaaaaaaaaaaaaaaaaaaaaaaaaaaaaaaaaaaaaaa,aaaaaaaaaaaaaaaaaaaaaaaaaaaaaaaaaaaaaaaaaaaaaaaaaaaaaaaaaaaaaaaa,aaaaaaaaaaaaaaaaaaaaaaaaaaaaaaaaaaaaaaaaaaaaaaaaaaaaaaaaaaaaaaaa,25bf8e1a2393f1108d37029b3df5593236c755742ec93465bbafa9b290bddcf6,48,4,500,4,4,48,48,48,180 GB,180 GB,works26,public,,intel8480,benchmark_user_association,none,aaaaaaaaaaaaaaaaaaaaaaaaaaaaaaaaaaaaaaaaaaaaaaaaaaaaaaaaaaaaaaaa,25bf8e1a2393f1108d37029b3df5593236c755742ec93465bbafa9b290bddcf6,/opt/works26/local.sbatch,30,28800,/opt/works26/validate.sh,aaaaaaaaaaaaaaaaaaaaaaaaaaaaaaaaaaaaaaaaaaaaaaaaaaaaaaaaaaaaaaaa,America/Phoenix,LASTZ,,1754339675.0012262,9914,1754339675.0012262,1754339915.0012262,1754358301.6093829,COMPLETED,1754358339.6093829,LASTZ,40,40,1754340133.353,1754358256.609,name,LASTZ,,0,86be25a25769425b188fd197fb896d79cc3c96ff52470ae5a7e929a7c803dd54,/pipeline/phoenix/rep1/local/trace/trace.txt,True,44,4,0.09090909090909091,COMPLETED=40;FAILED=4,0,1754340002.342,1754340133.353,18581.607773780823,5.161557714939118,458.3517737388611,0.12731993714968362,18123.25600004196,240.0,18386.60815668106,45.00038290023804,0,bench-WORKS26/dryrun-plots/synthetic-monitor-tree/phoenix/rep1/local/validation.stdout,bench-WORKS26/dryrun-plots/synthetic-monitor-tree/phoenix/rep1/local/validation.stderr,bench-WORKS26/dryrun-plots/synthetic-monitor-tree/phoenix/rep1/local/validation.rc,False,80.00038290023804,18666.60815668106,,0.0,Mon Aug 04 17:00:00 2026,24,19.629555,600.0,490.738875,63,0.0252,"root observer/monitoring RPC delta; measurement overhead control, not benchmark-user RPC stress",300,,9914,0.0,inner native_id is not interpreted as a Slurm job ID,root collector plus in-job handoff artifacts,True
