venue,replicate,backend,run_dir,hours_from_clean_start,rpc_count_since_t0,rpc_count_per_1000_endpoint_tasks_since_t0,rpc_processing_s_since_t0,rpc_processing_s_per_1000_endpoint_tasks_since_t0,endpoint_task_count,walltime_h,interpretation
phoenix,1,jobarray,/data/rcadmins/tianche5/wms-paper-chain/bench-WORKS26/dryrun-plots/synthetic-monitor-tree/phoenix/rep1/jobarray,-2.3103290134006076e-05,0,0.0,0.0,0.0,91,0.3215021197663413,"benchmark-user sdiag row, attributed by UID; valid for every backend including HyperQueue, Flux, and local"
phoenix,1,jobarray,/data/rcadmins/tianche5/wms-paper-chain/bench-WORKS26/dryrun-plots/synthetic-monitor-tree/phoenix/rep1/jobarray,0.0831879531012641,35,384.61538461538464,2.516786,27.65698901098901,91,0.3215021197663413,"benchmark-user sdiag row, attributed by UID; valid for every backend including HyperQueue, Flux, and local"
phoenix,1,jobarray,/data/rcadmins/tianche5/wms-paper-chain/bench-WORKS26/dryrun-plots/synthetic-monitor-tree/phoenix/rep1/jobarray,0.16679906421237523,79,868.1318681318681,7.128117,78.33095604395604,91,0.3215021197663413,"benchmark-user sdiag row, attributed by UID; valid for every backend including HyperQueue, Flux, and local"
phoenix,1,jobarray,/data/rcadmins/tianche5/wms-paper-chain/bench-WORKS26/dryrun-plots/synthetic-monitor-tree/phoenix/rep1/jobarray,0.25013239754570854,280,3076.923076923077,28.875846,317.316989010989,91,0.3215021197663413,"benchmark-user sdiag row, attributed by UID; valid for every backend including HyperQueue, Flux, and local"
phoenix,1,jobarray,/data/rcadmins/tianche5/wms-paper-chain/bench-WORKS26/dryrun-plots/synthetic-monitor-tree/phoenix/rep1/jobarray,0.3337435086568197,387,4252.747252747253,45.819144,503.50707692307697,91,0.3215021197663413,"benchmark-user sdiag row, attributed by UID; valid for every backend including HyperQueue, Flux, and local"
phoenix,1,jobarray,/data/rcadmins/tianche5/wms-paper-chain/bench-WORKS26/dryrun-plots/synthetic-monitor-tree/phoenix/rep1/jobarray,0.34339020563496486,387,4252.747252747253,45.819144,503.50707692307697,91,0.3215021197663413,"benchmark-user sdiag row, attributed by UID; valid for every backend including HyperQueue, Flux, and local"
phoenix,1,native,/data/rcadmins/tianche5/wms-paper-chain/bench-WORKS26/dryrun-plots/synthetic-monitor-tree/phoenix/rep1/native,-2.3699932628207736e-05,0,0.0,0.0,0.0,91,1.029976000189781,"benchmark-user sdiag row, attributed by UID; valid for every backend including HyperQueue, Flux, and local"
phoenix,1,native,/data/rcadmins/tianche5/wms-paper-chain/bench-WORKS26/dryrun-plots/synthetic-monitor-tree/phoenix/rep1/native,0.08317433350616031,402,4417.582417582417,47.0956,517.5340659340659,91,1.029976000189781,"benchmark-user sdiag row, attributed by UID; valid for every backend including HyperQueue, Flux, and local"
phoenix,1,native,/data/rcadmins/tianche5/wms-paper-chain/bench-WORKS26/dryrun-plots/synthetic-monitor-tree/phoenix/rep1/native,0.16650766683949364,916,10065.934065934065,118.623189,1303.5515274725274,91,1.029976000189781,"benchmark-user sdiag row, attributed by UID; valid for every backend including HyperQueue, Flux, and local"
phoenix,1,native,/data/rcadmins/tianche5/wms-paper-chain/bench-WORKS26/dryrun-plots/synthetic-monitor-tree/phoenix/rep1/native,0.2501187779506048,1423,15637.362637362638,196.559753,2159.9972857142857,91,1.029976000189781,"benchmark-user sdiag row, attributed by UID; valid for every backend including HyperQueue, Flux, and local"
phoenix,1,native,/data/rcadmins/tianche5/wms-paper-chain/bench-WORKS26/dryrun-plots/synthetic-monitor-tree/phoenix/rep1/native,0.3334521112839381,1932,21230.76923076923,266.523011,2928.8242967032966,91,1.029976000189781,"benchmark-user sdiag row, attributed by UID; valid for every backend including HyperQueue, Flux, and local"
phoenix,1,native,/data/rcadmins/tianche5/wms-paper-chain/bench-WORKS26/dryrun-plots/synthetic-monitor-tree/phoenix/rep1/native,0.4167854446172714,2439,26802.197802197803,340.885103,3745.990142857143,91,1.029976000189781,"benchmark-user sdiag row, attributed by UID; valid for every backend including HyperQueue, Flux, and local"
phoenix,1,native,/data/rcadmins/tianche5/wms-paper-chain/bench-WORKS26/dryrun-plots/synthetic-monitor-tree/phoenix/rep1/native,0.5001187779506048,2933,32230.76923076923,416.206248,4573.6950329670335,91,1.029976000189781,"benchmark-user sdiag row, attributed by UID; valid for every backend including HyperQueue, Flux, and local"
phoenix,1,native,/data/rcadmins/tianche5/wms-paper-chain/bench-WORKS26/dryrun-plots/synthetic-monitor-tree/phoenix/rep1/native,0.5837298890617159,3445,37857.142857142855,487.0894,5352.630769230769,91,1.029976000189781,"benchmark-user sdiag row, attributed by UID; valid for every backend including HyperQueue, Flux, and local"
phoenix,1,native,/data/rcadmins/tianche5/wms-paper-chain/bench-WORKS26/dryrun-plots/synthetic-monitor-tree/phoenix/rep1/native,0.6670632223950492,3954,43450.54945054945,561.751569,6173.094164835165,91,1.029976000189781,"benchmark-user sdiag row, attributed by UID; valid for every backend including HyperQueue, Flux, and local"
phoenix,1,native,/data/rcadmins/tianche5/wms-paper-chain/bench-WORKS26/dryrun-plots/synthetic-monitor-tree/phoenix/rep1/native,0.7506743335061603,4468,49098.9010989011,637.880917,7009.680406593406,91,1.029976000189781,"benchmark-user sdiag row, attributed by UID; valid for every backend including HyperQueue, Flux, and local"
phoenix,1,native,/data/rcadmins/tianche5/wms-paper-chain/bench-WORKS26/dryrun-plots/synthetic-monitor-tree/phoenix/rep1/native,0.8340076668394937,4979,54714.28571428572,707.168097,7771.077989010989,91,1.029976000189781,"benchmark-user sdiag row, attributed by UID; valid for every backend including HyperQueue, Flux, and local"
phoenix,1,native,/data/rcadmins/tianche5/wms-paper-chain/bench-WORKS26/dryrun-plots/synthetic-monitor-tree/phoenix/rep1/native,0.9173410001728269,5013,55087.91208791209,715.61019,7863.848241758242,91,1.029976000189781,"benchmark-user sdiag row, attributed by UID; valid for every backend including HyperQueue, Flux, and local"
phoenix,1,native,/data/rcadmins/tianche5/wms-paper-chain/bench-WORKS26/dryrun-plots/synthetic-monitor-tree/phoenix/rep1/native,1.0006743335061603,5025,55219.78021978022,717.995562,7890.061120879121,91,1.029976000189781,"benchmark-user sdiag row, attributed by UID; valid for every backend including HyperQueue, Flux, and local"
phoenix,1,native,/data/rcadmins/tianche5/wms-paper-chain/bench-WORKS26/dryrun-plots/synthetic-monitor-tree/phoenix/rep1/native,1.0439352985885408,5126,56329.67032967033,728.771119,8008.473835164835,91,1.029976000189781,"benchmark-user sdiag row, attributed by UID; valid for every backend including HyperQueue, Flux, and local"
phoenix,1,flux,/data/rcadmins/tianche5/wms-paper-chain/bench-WORKS26/dryrun-plots/synthetic-monitor-tree/phoenix/rep1/flux,-2.2614333364698623e-05,0,0.0,0.0,0.0,91,0.6469345016611947,"benchmark-user sdiag row, attributed by UID; valid for every backend including HyperQueue, Flux, and local"
phoenix,1,flux,/data/rcadmins/tianche5/wms-paper-chain/bench-WORKS26/dryrun-plots/synthetic-monitor-tree/phoenix/rep1/flux,0.08315089053577847,22,241.75824175824175,1.779085,19.550384615384615,91,0.6469345016611947,"benchmark-user sdiag row, attributed by UID; valid for every backend including HyperQueue, Flux, and local"
phoenix,1,flux,/data/rcadmins/tianche5/wms-paper-chain/bench-WORKS26/dryrun-plots/synthetic-monitor-tree/phoenix/rep1/flux,0.1664842238691118,37,406.5934065934066,1.78121,19.573736263736265,91,0.6469345016611947,"benchmark-user sdiag row, attributed by UID; valid for every backend including HyperQueue, Flux, and local"
phoenix,1,flux,/data/rcadmins/tianche5/wms-paper-chain/bench-WORKS26/dryrun-plots/synthetic-monitor-tree/phoenix/rep1/flux,0.2500953349802229,52,571.4285714285714,1.782987,19.593263736263737,91,0.6469345016611947,"benchmark-user sdiag row, attributed by UID; valid for every backend including HyperQueue, Flux, and local"
phoenix,1,flux,/data/rcadmins/tianche5/wms-paper-chain/bench-WORKS26/dryrun-plots/synthetic-monitor-tree/phoenix/rep1/flux,0.3334286683135562,67,736.2637362637363,1.784858,19.613824175824178,91,0.6469345016611947,"benchmark-user sdiag row, attributed by UID; valid for every backend including HyperQueue, Flux, and local"
phoenix,1,flux,/data/rcadmins/tianche5/wms-paper-chain/bench-WORKS26/dryrun-plots/synthetic-monitor-tree/phoenix/rep1/flux,0.4167620016468896,82,901.0989010989011,1.786951,19.636824175824174,91,0.6469345016611947,"benchmark-user sdiag row, attributed by UID; valid for every backend including HyperQueue, Flux, and local"
phoenix,1,flux,/data/rcadmins/tianche5/wms-paper-chain/bench-WORKS26/dryrun-plots/synthetic-monitor-tree/phoenix/rep1/flux,0.500095334980223,97,1065.934065934066,1.78961,19.666043956043954,91,0.6469345016611947,"benchmark-user sdiag row, attributed by UID; valid for every backend including HyperQueue, Flux, and local"
phoenix,1,flux,/data/rcadmins/tianche5/wms-paper-chain/bench-WORKS26/dryrun-plots/synthetic-monitor-tree/phoenix/rep1/flux,0.583706446091334,112,1230.7692307692307,2.130148,23.40821978021978,91,0.6469345016611947,"benchmark-user sdiag row, attributed by UID; valid for every backend including HyperQueue, Flux, and local"
phoenix,1,flux,/data/rcadmins/tianche5/wms-paper-chain/bench-WORKS26/dryrun-plots/synthetic-monitor-tree/phoenix/rep1/flux,0.6602925784720315,127,1395.6043956043957,2.13248,23.433846153846154,91,0.6469345016611947,"benchmark-user sdiag row, attributed by UID; valid for every backend including HyperQueue, Flux, and local"
phoenix,1,hyperqueue,/data/rcadmins/tianche5/wms-paper-chain/bench-WORKS26/dryrun-plots/synthetic-monitor-tree/phoenix/rep1/hyperqueue,-2.3457672860887317e-05,0,0.0,0.0,0.0,91,0.3205811619758606,"benchmark-user sdiag row, attributed by UID; valid for every backend including HyperQueue, Flux, and local"
phoenix,1,hyperqueue,/data/rcadmins/tianche5/wms-paper-chain/bench-WORKS26/dryrun-plots/synthetic-monitor-tree/phoenix/rep1/hyperqueue,0.0832864397764206,145,1593.4065934065934,10.477472,115.13705494505496,91,0.3205811619758606,"benchmark-user sdiag row, attributed by UID; valid for every backend including HyperQueue, Flux, and local"
phoenix,1,hyperqueue,/data/rcadmins/tianche5/wms-paper-chain/bench-WORKS26/dryrun-plots/synthetic-monitor-tree/phoenix/rep1/hyperqueue,0.16661977310975393,316,3472.5274725274726,33.222512,365.0825494505495,91,0.3205811619758606,"benchmark-user sdiag row, attributed by UID; valid for every backend including HyperQueue, Flux, and local"
phoenix,1,hyperqueue,/data/rcadmins/tianche5/wms-paper-chain/bench-WORKS26/dryrun-plots/synthetic-monitor-tree/phoenix/rep1/hyperqueue,0.24995310644308727,319,3505.4945054945056,35.071713,385.4034395604396,91,0.3205811619758606,"benchmark-user sdiag row, attributed by UID; valid for every backend including HyperQueue, Flux, and local"
phoenix,1,hyperqueue,/data/rcadmins/tianche5/wms-paper-chain/bench-WORKS26/dryrun-plots/synthetic-monitor-tree/phoenix/rep1/hyperqueue,0.33356421755419835,415,4560.43956043956,40.783021,448.1650659340659,91,0.3205811619758606,"benchmark-user sdiag row, attributed by UID; valid for every backend including HyperQueue, Flux, and local"
phoenix,1,hyperqueue,/data/rcadmins/tianche5/wms-paper-chain/bench-WORKS26/dryrun-plots/synthetic-monitor-tree/phoenix/rep1/hyperqueue,0.34201778444978925,415,4560.43956043956,40.783021,448.1650659340659,91,0.3205811619758606,"benchmark-user sdiag row, attributed by UID; valid for every backend including HyperQueue, Flux, and local"
